Negeri,PPD,KodSekolah,NamaSekolah,L,P,J
SELANGOR,PPD GOMBAK,BBA7101,SK SELAYANG BARU (2),503,511,1014
SELANGOR,PPD GOMBAK,BBA7102,SK (2) TAMAN SELAYANG,531,492,1023
SELANGOR,PPD GOMBAK,BBA7103,SK (2) TAMAN KERAMAT,241,229,470
SELANGOR,PPD GOMBAK,BBA7201,SK HULU KELANG,417,364,781
SELANGOR,PPD GOMBAK,BBA7202,SK KLANG GATE,159,137,296
SELANGOR,PPD GOMBAK,BBA7203,SK GOMBAK SETIA,689,679,1368
SELANGOR,PPD GOMBAK,BBA7204,SK GOMBAK UTARA,528,483,1011
SELANGOR,PPD GOMBAK,BBA7205,SK SG TUA BAHARU,997,866,1863
SELANGOR,PPD GOMBAK,BBA7206,SK KEPONG,213,178,391
SELANGOR,PPD GOMBAK,BBA7207,SK RAWANG,191,196,387
SELANGOR,PPD GOMBAK,BBA7208,SK KUANG,666,649,1315
SELANGOR,PPD GOMBAK,BBA7209,SK SG SERAI,207,187,394
SELANGOR,PPD GOMBAK,BBA7210,SK SG PELONG,947,933,1880
SELANGOR,PPD GOMBAK,BBA7211,SK TAMAN KERAMAT (1),280,235,515
SELANGOR,PPD GOMBAK,BBA7212,SK SG BULUH,703,574,1277
SELANGOR,PPD GOMBAK,BBA7213,SK TAMAN EHSAN,401,315,716
SELANGOR,PPD GOMBAK,BBA7214,SK TAMAN MELAWATI,750,744,1494
SELANGOR,PPD GOMBAK,BBA7215,SK (1) TAMAN SELAYANG,497,459,956
SELANGOR,PPD GOMBAK,BBA7216,SK TAMAN SERI GOMBAK,1084,1007,2091
SELANGOR,PPD GOMBAK,BBA7217,SK LEMBAH KERAMAT,666,626,1292
SELANGOR,PPD GOMBAK,BBA7219,SK SELAYANG JAYA,412,227,639
SELANGOR,PPD GOMBAK,BBA7220,SK BANDAR BARU SELAYANG,353,343,696
SELANGOR,PPD GOMBAK,BBA7221,SK TAMAN SELASIH,724,665,1389
SELANGOR,PPD GOMBAK,BBA7222,SK TAMAN PERMATA,341,312,653
SELANGOR,PPD GOMBAK,BBA7224,SK TAMAN MELAWATI 2,962,925,1887
SELANGOR,PPD GOMBAK,BBA7225,SK SELAYANG UTAMA,391,325,716
SELANGOR,PPD GOMBAK,BBA7226,SK SUNGAI KERTAS,434,388,822
SELANGOR,PPD GOMBAK,BBA7227,SK TAMAN SAMUDRA,335,312,647
SELANGOR,PPD GOMBAK,BBA7228,SK SUNGAI PUSU,659,620,1279
SELANGOR,PPD GOMBAK,BBA7229,SK TAMAN SETIA,354,328,682
SELANGOR,PPD GOMBAK,BBA7230,SK TAMAN DESA,1018,946,1964
SELANGOR,PPD GOMBAK,BBA7231,SK BUKIT RAWANG JAYA,449,374,823
SELANGOR,PPD GOMBAK,BBA7232,SK TAMAN BUKIT INDAH,890,851,1741
SELANGOR,PPD GOMBAK,BBA7233,SK BUKIT RAHMAN PUTRA,756,709,1465
SELANGOR,PPD GOMBAK,BBA7234,SK SERI KUNDANG,868,814,1682
SELANGOR,PPD GOMBAK,BBA7235,SK TAMAN SERI GOMBAK 2,1045,895,1940
SELANGOR,PPD GOMBAK,BBA7236,SK TAMAN DESA 2,846,744,1590
SELANGOR,PPD GOMBAK,BBA7237,SK BANDAR BARU RAWANG,351,306,657
SELANGOR,PPD GOMBAK,BBA7238,SK BANDAR TASIK PUTERI,1285,1138,2423
SELANGOR,PPD GOMBAK,BBA7239,SK DESA AMANPURI,231,199,430
SELANGOR,PPD GOMBAK,BBA7240,SK TAMAN PRIMA SELAYANG,275,210,485
SELANGOR,PPD GOMBAK,BBA7241,SK BANDAR BARU SELAYANG (2),384,333,717
SELANGOR,PPD GOMBAK,BBA7242,SK TASIK PUTERI 2,923,806,1729
SELANGOR,PPD GOMBAK,BBA7243,SK TAMAN TUN TEJA,910,923,1833
SELANGOR,PPD GOMBAK,BBA8207,SK MERBAU SEMPAK,736,695,1431
SELANGOR,PPD GOMBAK,BBA8226,SK BANDAR BARU SUNGAI BULOH,936,837,1773
SELANGOR,PPD GOMBAK,BBB7301,SK (1) GOMBAK,439,389,828
SELANGOR,PPD GOMBAK,BBB7302,SK (2) GOMBAK,359,382,741
SELANGOR,PPD GOMBAK,BBB7303,SK (1) KUALA AMPANG,119,109,228
SELANGOR,PPD GOMBAK,BBB7304,SK (2) KUALA AMPANG,76,75,151
SELANGOR,PPD GOMBAK,BBB7305,SK (1) SELAYANG BARU,650,639,1289
SELANGOR,PPD GOMBAK,BBB7306,SK SINARAN BUDI,475,370,845
SELANGOR,PPD GOMBAK,BBB7307,SK BATU ARANG,212,199,411
SELANGOR,PPD GOMBAK,BBC7401,SJK(C) CHAP KHUAN,175,151,326
SELANGOR,PPD GOMBAK,BBC7402,SJK(C) KHEOW BIN,1066,987,2053
SELANGOR,PPD GOMBAK,BBC7403,SJK(C) KUANG,265,242,507
SELANGOR,PPD GOMBAK,BBC7404,SJK(C) KUNDANG,399,350,749
SELANGOR,PPD GOMBAK,BBC7405,SJK(C) SAN YUK,1281,1073,2354
SELANGOR,PPD GOMBAK,BBC7406,SJK(C) SELAYANG BARU,571,556,1127
SELANGOR,PPD GOMBAK,BBC7407,SJK(C) DESA JAYA,1888,1669,3557
SELANGOR,PPD GOMBAK,BBC7408,SJKC KOTA EMERALD,286,289,575
SELANGOR,PPD GOMBAK,BBD7451,SJK(T) BATU CAVES,797,740,1537
SELANGOR,PPD GOMBAK,BBD7452,SJK(T) BATU ARANG,144,135,279
SELANGOR,PPD GOMBAK,BBD7453,SJK(T) KUANG,87,87,174
SELANGOR,PPD GOMBAK,BBD7454,SJK(T) BUKIT DARAH,108,115,223
SELANGOR,PPD GOMBAK,BBD7455,SJK(T) RAWANG,534,596,1130
SELANGOR,PPD GOMBAK,BBD7456,SJK(T) TAMAN MELAWATI,133,136,269
SELANGOR,PPD GOMBAK,BBD8457,SJK(T) SARASWATHY,297,330,627
SELANGOR,PPD GOMBAK,BEA4619,SMK BUKIT INDAH,642,663,1305
SELANGOR,PPD GOMBAK,BEA7601,SMK GOMBAK SETIA,1374,1483,2857
SELANGOR,PPD GOMBAK,BEA7602,SMK TAMAN SELAYANG,936,848,1784
SELANGOR,PPD GOMBAK,BEA7603,SMK LEMBAH KERAMAT,660,715,1375
SELANGOR,PPD GOMBAK,BEA7604,SMK TAMAN EHSAN,1101,988,2089
SELANGOR,PPD GOMBAK,BEA7605,SMK RAWANG,1113,1046,2159
SELANGOR,PPD GOMBAK,BEA7606,SMK TAMAN KERAMAT,470,509,979
SELANGOR,PPD GOMBAK,BEA7607,SMK SERI GOMBAK,1009,992,2001
SELANGOR,PPD GOMBAK,BEA7608,SMK HILLCREST,1067,990,2057
SELANGOR,PPD GOMBAK,BEA7609,SMK IDEAL HEIGHTS,1101,945,2046
SELANGOR,PPD GOMBAK,BEA7610,SMK TAMAN MELAWATI,1157,1118,2275
SELANGOR,PPD GOMBAK,BEA7612,SMK SERI SELAYANG,751,685,1436
SELANGOR,PPD GOMBAK,BEA7613,SMK SUNGAI KERTAS,718,691,1409
SELANGOR,PPD GOMBAK,BEA7614,SMK SERI KERAMAT,530,492,1022
SELANGOR,PPD GOMBAK,BEA7615,SMK DARUL EHSAN,1137,1181,2318
SELANGOR,PPD GOMBAK,BEA7616,SMK SUNGAI PUSU,903,973,1876
SELANGOR,PPD GOMBAK,BEA7617,SMK TAMAN DESA,900,872,1772
SELANGOR,PPD GOMBAK,BEA7618,SMK BANDAR TASIK PUTERI,1224,1292,2516
SELANGOR,PPD GOMBAK,BEA7619,SMK BUKIT RAHMAN PUTRA,992,1006,1998
SELANGOR,PPD GOMBAK,BEA7620,SMK SERI KUNDANG,743,719,1462
SELANGOR,PPD GOMBAK,BEA7621,SMK TAMAN DESA 2,967,915,1882
SELANGOR,PPD GOMBAK,BEA7622,SMK SIERRAMAS,474,415,889
SELANGOR,PPD GOMBAK,BEA7623,SMK TUN PERAK,452,424,876
SELANGOR,PPD GOMBAK,BEA8605,SMK BUKIT GADING,943,1063,2006
SELANGOR,PPD GOMBAK,BEA8620,SMK BANDAR BARU SUNGAI BULOH,1327,1305,2632
SELANGOR,PPD GOMBAK,BEB7651,SMK KEPONG,1278,1197,2475
SELANGOR,PPD GOMBAK,BEB7652,SMK HULU KELANG,223,237,460
SELANGOR,PPD GOMBAK,BEB7653,SMK SELAYANG BHARU,1070,959,2029
SELANGOR,PPD GOMBAK,BEB7654,SMK SERI GARING,1304,1387,2691
SELANGOR,PPD GOMBAK,BEB7655,SMK TUANKU ABDUL RAHMAN,414,386,800
SELANGOR,PPD GOMBAK,BFT7001,SAM RAWANG,326,431,757
SELANGOR,PPD GOMBAK,BFT8001,SAM PAYA JARAS,233,302,535
SELANGOR,PPD GOMBAK,BHA7001,KOLEJ VOKASIONAL GOMBAK ,57,226,283
SELANGOR,PPD GOMBAK,BHA8002,KOLEJ VOKASIONAL SUNGAI BULOH,502,118,620
SELANGOR,PPD GOMBAK,BRA7001,SBPI RAWANG,309,323,632
SELANGOR,PPD GOMBAK,BRA7002,SBPI GOMBAK,314,317,631
SELANGOR,PPD HULU LANGAT,BBA4001,SK SUNGAI SERAI,486,447,933
SELANGOR,PPD HULU LANGAT,BBA4002,SK JALAN ENAM,801,719,1520
SELANGOR,PPD HULU LANGAT,BBA4003,SK AMPANG CAMPURAN,683,554,1237
SELANGOR,PPD HULU LANGAT,BBA4004,SK SERI SEKAMAT,702,694,1396
SELANGOR,PPD HULU LANGAT,BBA4005,SK BATU SEMBILAN,362,304,666
SELANGOR,PPD HULU LANGAT,BBA4006,SK TUN ABD AZIZ MAJID,653,601,1254
SELANGOR,PPD HULU LANGAT,BBA4007,SK SG TEKALI,130,139,269
SELANGOR,PPD HULU LANGAT,BBA4008,SK KUALA POMSON,64,69,133
SELANGOR,PPD HULU LANGAT,BBA4009,SK DUSUN TUA,353,325,678
SELANGOR,PPD HULU LANGAT,BBA4010,SK LUBOK KELUBI,268,228,496
SELANGOR,PPD HULU LANGAT,BBA4011,SK SUNGAI LUI,172,197,369
SELANGOR,PPD HULU LANGAT,BBA4012,SK LEFTENAN ADNAN,571,567,1138
SELANGOR,PPD HULU LANGAT,BBA4013,SK SUNGAI RAMAL DALAM,593,487,1080
SELANGOR,PPD HULU LANGAT,BBA4014,SK TAMAN NIRWANA,828,745,1573
SELANGOR,PPD HULU LANGAT,BBA4015,SK KAJANG,365,274,639
SELANGOR,PPD HULU LANGAT,BBA4016,SK BERANANG,278,291,569
SELANGOR,PPD HULU LANGAT,BBA4017,SK KG KUALA PAJAM,84,70,154
SELANGOR,PPD HULU LANGAT,BBA4018,SK BANGI,397,407,804
SELANGOR,PPD HULU LANGAT,BBA4019,SEKOLAH KEBANGSAAN KG CHERAS BAHARU,404,358,762
SELANGOR,PPD HULU LANGAT,BBA4020,SK LEMBAH JAYA,616,566,1182
SELANGOR,PPD HULU LANGAT,BBA4021,SK ULU SEMENYIH,404,345,749
SELANGOR,PPD HULU LANGAT,BBA4022,SK KG RINCING,183,170,353
SELANGOR,PPD HULU LANGAT,BBA4023,SK RINCHING HILIR,324,282,606
SELANGOR,PPD HULU LANGAT,BBA4024,SK AMPANG,660,626,1286
SELANGOR,PPD HULU LANGAT,BBA4025,SK BANDAR BARU BANGI,761,776,1537
SELANGOR,PPD HULU LANGAT,BBA4026,SK TAMAN TASIK,748,726,1474
SELANGOR,PPD HULU LANGAT,BBA4027,SK SUNGAI KANTAN,422,329,751
SELANGOR,PPD HULU LANGAT,BBA4028,SK TAMAN MUDA,555,510,1065
SELANGOR,PPD HULU LANGAT,BBA4029,SK TAMAN CUEPACS,446,387,833
SELANGOR,PPD HULU LANGAT,BBA4030,SK TAMAN KOSAS,786,777,1563
SELANGOR,PPD HULU LANGAT,BBA4031,SK TAMING JAYA,1195,1108,2303
SELANGOR,PPD HULU LANGAT,BBA4032,SK JALAN 3,919,837,1756
SELANGOR,PPD HULU LANGAT,BBA4033,SK PANDAN INDAH,827,744,1571
SELANGOR,PPD HULU LANGAT,BBA4034,SK BANDAR TUN HUSSEIN ONN,1058,950,2008
SELANGOR,PPD HULU LANGAT,BBA4035,SK PANDAN JAYA,338,341,679
SELANGOR,PPD HULU LANGAT,BBA4036,SK SAUJANA IMPIAN,598,569,1167
SELANGOR,PPD HULU LANGAT,BBA4037,SK KAJANG UTAMA,815,677,1492
SELANGOR,PPD HULU LANGAT,BBA4038,SK TAMAN RAKAN,680,670,1350
SELANGOR,PPD HULU LANGAT,BBA4039,SK SRI JELOK,449,414,863
SELANGOR,PPD HULU LANGAT,BBA4040,SK CHERAS INDAH,212,198,410
SELANGOR,PPD HULU LANGAT,BBA4041,SK BUKIT RAYA,322,318,640
SELANGOR,PPD HULU LANGAT,BBA4042,SK TASEK PERMAI,199,206,405
SELANGOR,PPD HULU LANGAT,BBA4043,SK DESA BAIDURI,694,702,1396
SELANGOR,PPD HULU LANGAT,BBA4044,SK TAMAN JASMIN,874,713,1587
SELANGOR,PPD HULU LANGAT,BBA4045,SK JALAN EMPAT,1160,1125,2285
SELANGOR,PPD HULU LANGAT,BBA4046,SK KANTAN PERMAI,841,865,1706
SELANGOR,PPD HULU LANGAT,BBA4047,SK SEKSYEN 7,1376,1331,2707
SELANGOR,PPD HULU LANGAT,BBA4048,SK PANDAN PERDANA,136,154,290
SELANGOR,PPD HULU LANGAT,BBA4049,SK SAUJANA IMPIAN (2),606,574,1180
SELANGOR,PPD HULU LANGAT,BBA4050,SK CHERAS JAYA,661,629,1290
SELANGOR,PPD HULU LANGAT,BBA4051,SK BANDAR TASIK KESUMA,1174,1033,2207
SELANGOR,PPD HULU LANGAT,BBA4052,SK BANDAR RINCHING,1192,1087,2279
SELANGOR,PPD HULU LANGAT,BBA4053,SK BANDAR TEKNOLOGI,828,777,1605
SELANGOR,PPD HULU LANGAT,BBA4054,SK DUSUN NANDING,366,354,720
SELANGOR,PPD HULU LANGAT,BBA4055,SK BANDAR TUN HUSSEIN ONN 2,1120,1059,2179
SELANGOR,PPD HULU LANGAT,BBA4056,SK TAMAN BUKIT TERATAI,392,345,737
SELANGOR,PPD HULU LANGAT,BBA4057,SK TAMAN PUTERI,179,181,360
SELANGOR,PPD HULU LANGAT,BBA4058,SK BANDAR SERI PUTRA,1259,1169,2428
SELANGOR,PPD HULU LANGAT,BBA4060,SEKOLAH KEBANGSAAN BANDAR BUKIT MAHKOTA,456,449,905
SELANGOR,PPD HULU LANGAT,BBB4028,SK CONVENT (M),0,946,946
SELANGOR,PPD HULU LANGAT,BBB4029,SK JALAN BUKIT SATU,107,86,193
SELANGOR,PPD HULU LANGAT,BBB4030,SK (2) JALAN BUKIT,73,45,118
SELANGOR,PPD HULU LANGAT,BBB4031,SK JALAN SEMENYIH '1'(INTEG),177,98,275
SELANGOR,PPD HULU LANGAT,BBB4032,SK JALAN SEMENYIH '2'(INTEG),280,104,384
SELANGOR,PPD HULU LANGAT,BBB4033,SK SEMENYIH,1039,935,1974
SELANGOR,PPD HULU LANGAT,BBC4034,SJK(C) BALAKONG,769,773,1542
SELANGOR,PPD HULU LANGAT,BBC4035,SJK(C) BATU 9 CHERAS,1142,1155,2297
SELANGOR,PPD HULU LANGAT,BBC4036,SJK(C) BATU 11,1833,1748,3581
SELANGOR,PPD HULU LANGAT,BBC4037,SJK(C) CHOON HWA,15,19,34
SELANGOR,PPD HULU LANGAT,BBC4039,SJK(C) KG BARU SEMENYIH,345,329,674
SELANGOR,PPD HULU LANGAT,BBC4040,SJK(C) SIN MING,771,657,1428
SELANGOR,PPD HULU LANGAT,BBC4041,SJK(C) SUNGAI CHUA,805,709,1514
SELANGOR,PPD HULU LANGAT,BBC4042,SJK(C) TON FAH,72,78,150
SELANGOR,PPD HULU LANGAT,BBC4043,SJK(C) BATU 14,177,152,329
SELANGOR,PPD HULU LANGAT,BBC4044,SJK(C) YOKE MIN,87,94,181
SELANGOR,PPD HULU LANGAT,BBC4045,SJK(C) YU HUA,1481,1351,2832
SELANGOR,PPD HULU LANGAT,BBC4046,SJK(C) KG BARU AMPANG,743,691,1434
SELANGOR,PPD HULU LANGAT,BBC4047,SJK(C) ON PONG,897,868,1765
SELANGOR,PPD HULU LANGAT,BBC4048,SJK(C) CONNAUGHT (2),1435,1423,2858
SELANGOR,PPD HULU LANGAT,BBC4049,SJK(C) ON PONG 2,1416,1248,2664
SELANGOR,PPD HULU LANGAT,BBD4051,SJK(T) BANGI,58,49,107
SELANGOR,PPD HULU LANGAT,BBD4053,SJK(T) LDG DOMINION,12,8,20
SELANGOR,PPD HULU LANGAT,BBD4055,SJK(T) KAJANG,611,563,1174
SELANGOR,PPD HULU LANGAT,BBD4057,SJK(T) LDG RINCHING,290,271,561
SELANGOR,PPD HULU LANGAT,BBD4060,SJK(T) LADANG SEMENYIH,224,193,417
SELANGOR,PPD HULU LANGAT,BBD4063,SJK(T) LDG WEST COUNTRY 'TIMUR',189,194,383
SELANGOR,PPD HULU LANGAT,BBD4064,SJK(T) AMPANG,252,246,498
SELANGOR,PPD HULU LANGAT,BEA4601,SMK TAMAN TASIK,991,1030,2021
SELANGOR,PPD HULU LANGAT,BEA4603,SMK BANDAR BARU BANGI,1032,965,1997
SELANGOR,PPD HULU LANGAT,BEA4604,SMK SULTAN ABDUL AZIZ SHAH (INTEG),1074,1234,2308
SELANGOR,PPD HULU LANGAT,BEA4605,SMK KHIR JOHARI,414,439,853
SELANGOR,PPD HULU LANGAT,BEA4606,SMK ABDUL JALIL,1193,1222,2415
SELANGOR,PPD HULU LANGAT,BEA4608,SMK ENGKU HUSAIN,1569,1565,3134
SELANGOR,PPD HULU LANGAT,BEA4609,SMK TAMAN KOSAS,1194,1131,2325
SELANGOR,PPD HULU LANGAT,BEA4610,SMK TAMAN SERAYA,842,886,1728
SELANGOR,PPD HULU LANGAT,BEA4611,SMK PERIMBUN,1131,1207,2338
SELANGOR,PPD HULU LANGAT,BEA4612,SMK TASEK PERMAI,439,441,880
SELANGOR,PPD HULU LANGAT,BEA4613,SMK JALAN REKO,978,863,1841
SELANGOR,PPD HULU LANGAT,BEA4614,SMK JALAN TIGA,1139,1077,2216
SELANGOR,PPD HULU LANGAT,BEA4615,SMK PANDAN JAYA,959,882,1841
SELANGOR,PPD HULU LANGAT,BEA4616,SMK PANDAN INDAH,1034,1019,2053
SELANGOR,PPD HULU LANGAT,BEA4617,SMK CHERAS PERDANA,824,678,1502
SELANGOR,PPD HULU LANGAT,BEA4618,SMK DATO' AHMAD RAZALI,490,496,986
SELANGOR,PPD HULU LANGAT,BEA4620,SMK CHERAS JAYA,1223,1181,2404
SELANGOR,PPD HULU LANGAT,BEA4621,SMK SAUJANA IMPIAN,1299,1366,2665
SELANGOR,PPD HULU LANGAT,BEA4622,SMK BANDAR BARU AMPANG,651,668,1319
SELANGOR,PPD HULU LANGAT,BEA4623,SMK BANDAR BARU SUNGAI LONG,1631,1481,3112
SELANGOR,PPD HULU LANGAT,BEA4624,SMK JALAN EMPAT,559,839,1398
SELANGOR,PPD HULU LANGAT,BEA4625,SMK KAJANG UTAMA,592,551,1143
SELANGOR,PPD HULU LANGAT,BEA4626,SMK TAMAN JASMIN 2,1215,1446,2661
SELANGOR,PPD HULU LANGAT,BEA4627,SMK DUSUN NANDING,963,955,1918
SELANGOR,PPD HULU LANGAT,BEA4628,SMK BANDAR TASIK KESUMA,1005,1001,2006
SELANGOR,PPD HULU LANGAT,BEA4629,SMK BANDAR DAMAI PERDANA,1190,1183,2373
SELANGOR,PPD HULU LANGAT,BEA4630,SMK BANDAR TUN HUSSEIN ONN 2,1137,1220,2357
SELANGOR,PPD HULU LANGAT,BEA4631,SMK PANDAN MEWAH,879,952,1831
SELANGOR,PPD HULU LANGAT,BEA4632,SMK BANDAR RINCHING,1153,1106,2259
SELANGOR,PPD HULU LANGAT,BEA4633,SMK BANDAR SERI PUTRA,1066,1086,2152
SELANGOR,PPD HULU LANGAT,BEA4634,SMK DESA SERDANG,397,363,760
SELANGOR,PPD HULU LANGAT,BEB4068,SMK  CONVENT (M),0,966,966
SELANGOR,PPD HULU LANGAT,BEB4069,SMK TINGGI KAJANG,1335,232,1567
SELANGOR,PPD HULU LANGAT,BEB4070,SMJK YU HUA,1673,1765,3438
SELANGOR,PPD HULU LANGAT,BEB4071,SMK JALAN BUKIT,888,1031,1919
SELANGOR,PPD HULU LANGAT,BFT4001,SAM HULU LANGAT,383,447,830
SELANGOR,PPD HULU LANGAT,BKA4001,KOLEJ VOKASIONAL KAJANG,550,100,650
SELANGOR,PPD HULU LANGAT,BRA4001,SMKA MAAHAD HAMIDIAH,354,681,1035
SELANGOR,PPD HULU LANGAT,BRA4003,SMA PERSEKUTUAN (SMBP),396,371,767
SELANGOR,PPD HULU SELANGOR,BBA5002,SK BATANG KALI,499,407,906
SELANGOR,PPD HULU SELANGOR,BBA5003,SK RASA,286,245,531
SELANGOR,PPD HULU SELANGOR,BBA5004,SK SG CHOH,264,227,491
SELANGOR,PPD HULU SELANGOR,BBA5005,SK SG SELISEK,115,98,213
SELANGOR,PPD HULU SELANGOR,BBA5006,SK ULU YAM BHARU,471,405,876
SELANGOR,PPD HULU SELANGOR,BBA5007,SK ULU YAM LAMA,58,63,121
SELANGOR,PPD HULU SELANGOR,BBA5008,SK HULU BERNAM,277,247,524
SELANGOR,PPD HULU SELANGOR,BBA5009,SK KUALA KUBU BHARU,125,121,246
SELANGOR,PPD HULU SELANGOR,BBA5010,SK KERLING,104,100,204
SELANGOR,PPD HULU SELANGOR,BBA5011,SK KALUMPANG,353,298,651
SELANGOR,PPD HULU SELANGOR,BBA5012,SK KG KUANTAN,110,105,215
SELANGOR,PPD HULU SELANGOR,BBA5013,SK GEDANGSA,140,141,281
SELANGOR,PPD HULU SELANGOR,BBA5014,SK SUNGAI BUAYA,218,225,443
SELANGOR,PPD HULU SELANGOR,BBA5015,SK KAMPUNG SOEHARTO,196,182,378
SELANGOR,PPD HULU SELANGOR,BBA5016,SK TUN ABDUL RAZAK,109,107,216
SELANGOR,PPD HULU SELANGOR,BBA5018,SK GESIR TENGAH,101,90,191
SELANGOR,PPD HULU SELANGOR,BBA5020,SK SG TENGI,187,184,371
SELANGOR,PPD HULU SELANGOR,BBA5021,SK SRI KELEDANG,50,63,113
SELANGOR,PPD HULU SELANGOR,BBA5022,SK SERENDAH,715,674,1389
SELANGOR,PPD HULU SELANGOR,BBA5023,SK BUKIT BERUNTUNG,705,704,1409
SELANGOR,PPD HULU SELANGOR,BBA5024,SK AMPANG PECAH,282,242,524
SELANGOR,PPD HULU SELANGOR,BBA5025,SK BANDAR BARU BATANG KALI,776,758,1534
SELANGOR,PPD HULU SELANGOR,BBA5026,SK BANDAR SUNGAI BUAYA,558,534,1092
SELANGOR,PPD HULU SELANGOR,BBA5027,SK SERI FAJAR,51,44,95
SELANGOR,PPD HULU SELANGOR,BBA5028,SK TAMAN BUNGA RAYA (1),853,785,1638
SELANGOR,PPD HULU SELANGOR,BBA5029,SK LEMBAH BERINGIN,58,79,137
SELANGOR,PPD HULU SELANGOR,BBA5030,SK BUKIT SENTOSA,1118,1051,2169
SELANGOR,PPD HULU SELANGOR,BBA5031,SK ANTARA GAPI,317,298,615
SELANGOR,PPD HULU SELANGOR,BBA5032,SK BUKIT BERUNTUNG 2,686,605,1291
SELANGOR,PPD HULU SELANGOR,BBA5033,SK TAMAN BUNGA RAYA 2,705,622,1327
SELANGOR,PPD HULU SELANGOR,BBB5021,SK KUALA KUBU BARU SATU,156,169,325
SELANGOR,PPD HULU SELANGOR,BBB5023,SK KUALA KUBU BHARU DUA,142,126,268
SELANGOR,PPD HULU SELANGOR,BBC5023,SJK(C) BATANG KALI,229,253,482
SELANGOR,PPD HULU SELANGOR,BBC5024,SJK(C) BKT TANGGA,232,198,430
SELANGOR,PPD HULU SELANGOR,BBC5027,SJK(C) CHOONG CHEE,102,75,177
SELANGOR,PPD HULU SELANGOR,BBC5028,SJK(C) BUKIT FRASER,2,0,2
SELANGOR,PPD HULU SELANGOR,BBC5029,SJK(C) KALUMPANG,113,105,218
SELANGOR,PPD HULU SELANGOR,BBC5030,SJK(C) KAMPUNG GURNEY,171,133,304
SELANGOR,PPD HULU SELANGOR,BBC5031,SJK(C) KERLING,83,85,168
SELANGOR,PPD HULU SELANGOR,BBC5032,SJK(C) KHING MING,172,165,337
SELANGOR,PPD HULU SELANGOR,BBC5035,SJK(C) RASA,146,116,262
SELANGOR,PPD HULU SELANGOR,BBC5037,SJK(C) SERENDAH,210,227,437
SELANGOR,PPD HULU SELANGOR,BBD5041,SJK(T) LADANG BATANG KALI,167,152,319
SELANGOR,PPD HULU SELANGOR,BBD5043,SJK(T) LDG CHANGKAT ASA,19,18,37
SELANGOR,PPD HULU SELANGOR,BBD5044,SJK(T) LDG ESCOT,18,23,41
SELANGOR,PPD HULU SELANGOR,BBD5045,SJK(T) KUALA KUBU BHARU,188,180,368
SELANGOR,PPD HULU SELANGOR,BBD5047,SJK(T) LADANG KERLING,31,23,54
SELANGOR,PPD HULU SELANGOR,BBD5048,SJK(T) LADANG KALUMPANG,52,49,101
SELANGOR,PPD HULU SELANGOR,BBD5051,SJK(T) LDG LIMA BELAS,8,3,11
SELANGOR,PPD HULU SELANGOR,BBD5058,SJK(T) LDG SG CHOH,254,240,494
SELANGOR,PPD HULU SELANGOR,BBD5059,SJK(T) BUKIT BERUNTUNG,200,191,391
SELANGOR,PPD HULU SELANGOR,BEA5061,SMK KUALA KUBU BHARU,508,609,1117
SELANGOR,PPD HULU SELANGOR,BEA5062,SMK KAMPONG SOEHARTO,252,259,511
SELANGOR,PPD HULU SELANGOR,BEA5063,SMK SUNGAI CHOH,371,432,803
SELANGOR,PPD HULU SELANGOR,BEA5064,SMK KALUMPANG,305,295,600
SELANGOR,PPD HULU SELANGOR,BEA5065,SMK GEDANGSA,129,123,252
SELANGOR,PPD HULU SELANGOR,BEA5066,SMK BUKIT SENTOSA,1081,1089,2170
SELANGOR,PPD HULU SELANGOR,BEA5067,SM SAINS HULU SELANGOR,389,411,800
SELANGOR,PPD HULU SELANGOR,BEA5068,SMK AMPANG PECAH,478,487,965
SELANGOR,PPD HULU SELANGOR,BEA5069,SMK BANDAR BARU BATANG KALI,883,865,1748
SELANGOR,PPD HULU SELANGOR,BEA5070,SMK BANDAR SUNGAI BUAYA,510,524,1034
SELANGOR,PPD HULU SELANGOR,BEA5071,SMK TAMAN BUNGA RAYA (1),933,928,1861
SELANGOR,PPD HULU SELANGOR,BEA5072,SMK SERENDAH,924,827,1751
SELANGOR,PPD HULU SELANGOR,BEA5073,SMK BUKIT SENTOSA 2,935,932,1867
SELANGOR,PPD HULU SELANGOR,BEB5065,SMK SYED MASHOR,922,943,1865
SELANGOR,PPD HULU SELANGOR,BEB5066,SMK DATO' HJ KAMARUDDIN,396,372,768
SELANGOR,PPD HULU SELANGOR,BFT5001,SAM SUNGAI SELISEK,147,183,330
SELANGOR,PPD HULU SELANGOR,BFT5002,SAMT KUALA KUBU BHARU,428,493,921
SELANGOR,PPD KLANG,BBA0001,SK KLANG,325,317,642
SELANGOR,PPD KLANG,BBA0002,SK TELOK GADONG,642,590,1232
SELANGOR,PPD KLANG,BBA0003,SK PELABUHAN KELANG,393,369,762
SELANGOR,PPD KLANG,BBA0004,SK TELOK MENEGON,713,680,1393
SELANGOR,PPD KLANG,BBA0005,SK BUKIT NAGA,941,897,1838
SELANGOR,PPD KLANG,BBA0006,SK JALAN KEBUN,1063,934,1997
SELANGOR,PPD KLANG,BBA0007,SK BATU BELAH,790,787,1577
SELANGOR,PPD KLANG,BBA0008,SK RANTAU PANJANG,1530,1464,2994
SELANGOR,PPD KLANG,BBA0009,SK SEMENTA,950,925,1875
SELANGOR,PPD KLANG,BBA0010,SK KAPAR,367,342,709
SELANGOR,PPD KLANG,BBA0011,SK BUKIT KAPAR,1031,970,2001
SELANGOR,PPD KLANG,BBA0012,SK SUNGAI BINJAI,1600,1649,3249
SELANGOR,PPD KLANG,BBA0013,SK PULAU INDAH,780,721,1501
SELANGOR,PPD KLANG,BBA0014,SK TOK MUDA,247,238,485
SELANGOR,PPD KLANG,BBA0015,SK BUKIT KUDA,300,135,435
SELANGOR,PPD KLANG,BBA0016,SK KG RAJA UDA,455,370,825
SELANGOR,PPD KLANG,BBA0017,SK PANDAMARAN JAYA,533,458,991
SELANGOR,PPD KLANG,BBA0018,SK KG JOHAN SETIA,657,675,1332
SELANGOR,PPD KLANG,BBA0019,SK SUNGAI SERDANG,241,270,511
SELANGOR,PPD KLANG,BBA0021,SK KG PENDAMAR,420,385,805
SELANGOR,PPD KLANG,BBA0022,SK TELOK GONG,686,587,1273
SELANGOR,PPD KLANG,BBA0023,SK TAMAN KLANG JAYA,629,549,1178
SELANGOR,PPD KLANG,BBA0025,SK TELOK PULAI,736,594,1330
SELANGOR,PPD KLANG,BBA0026,SK SUNGAI UDANG,932,943,1875
SELANGOR,PPD KLANG,BBA0028,SK PELABUHAN  UTARA,788,688,1476
SELANGOR,PPD KLANG,BBA0029,SK ABDUL SAMAT,366,358,724
SELANGOR,PPD KLANG,BBA0030,SK MERU,801,811,1612
SELANGOR,PPD KLANG,BBA0031,SK KAMPUNG IDAMAN,690,637,1327
SELANGOR,PPD KLANG,BBA0032,SK TAMAN KLANG UTAMA,443,402,845
SELANGOR,PPD KLANG,BBA0033,SK KAMPUNG JAWA,458,377,835
SELANGOR,PPD KLANG,BBA0034,SK TAMAN SRI ANDALAS,947,841,1788
SELANGOR,PPD KLANG,BBA0035,SK TAMAN GEMBIRA,214,198,412
SELANGOR,PPD KLANG,BBA0036,SK BUKIT TINGGI,713,620,1333
SELANGOR,PPD KLANG,BBA0037,SK BUKIT KEMUNING 2,773,635,1408
SELANGOR,PPD KLANG,BBA0038,SK MERU (2),652,624,1276
SELANGOR,PPD KLANG,BBA0039,SK SUNGAI KAPAR INDAH,519,545,1064
SELANGOR,PPD KLANG,BBA0040,SK BUKIT KEMUNING,394,314,708
SELANGOR,PPD KLANG,BBA0041,SK KAMPUNG JAWA 2,610,590,1200
SELANGOR,PPD KLANG,BBA0042,SK PULAU INDAH (2),306,254,560
SELANGOR,PPD KLANG,BBA0043,SK BUKIT RIMAU,869,868,1737
SELANGOR,PPD KLANG,BBA0044,SK BATU UNJUR,731,659,1390
SELANGOR,PPD KLANG,BBA3030,SK BUKIT CERAKA,108,108,216
SELANGOR,PPD KLANG,BBB0024,SK METHODIST ACS,799,0,799
SELANGOR,PPD KLANG,BBB0025,SK (1) JALAN BATU TIGA,217,178,395
SELANGOR,PPD KLANG,BBB0026,SK (2) JALAN BATU TIGA,91,67,158
SELANGOR,PPD KLANG,BBB0027,SK CONVENT (1) (M),0,416,416
SELANGOR,PPD KLANG,BBB0028,SK CONVENT (2) (M),0,400,400
SELANGOR,PPD KLANG,BBB0029,SK LA SALLE,415,0,415
SELANGOR,PPD KLANG,BBB0030,SK (1) JALAN MERU,184,123,307
SELANGOR,PPD KLANG,BBB0031,SK (2) JALAN MERU,120,117,237
SELANGOR,PPD KLANG,BBB0032,SK METHODIST (M),577,359,936
SELANGOR,PPD KLANG,BBB0033,SK PEREMPUAN METHODIST,0,869,869
SELANGOR,PPD KLANG,BBB0034,SK TENGKU BENDAHARA AZMAN (1),183,138,321
SELANGOR,PPD KLANG,BBB0035,SK TENGKU BENDAHARA AZMAN (2),124,96,220
SELANGOR,PPD KLANG,BBB0036,SK PEREMPUAN BUKIT KUDA,48,270,318
SELANGOR,PPD KLANG,BBB0037,SK (1) SIMPANG LIMA,372,266,638
SELANGOR,PPD KLANG,BBB0038,SK (2) SIMPANG LIMA,256,194,450
SELANGOR,PPD KLANG,BBB0039,SK ST ANNE'S CONVENT,0,452,452
SELANGOR,PPD KLANG,BBC0040,SJK(C) PEREMPUAN,1075,945,2020
SELANGOR,PPD KLANG,BBC0041,SJK(C) CHUEN MIN,376,346,722
SELANGOR,PPD KLANG,BBC0042,SJK(C) CHUNG HUA,1178,1108,2286
SELANGOR,PPD KLANG,BBC0043,SJK(C) HIN HUA,1391,1383,2774
SELANGOR,PPD KLANG,BBC0044,SJK(C) HWA LIEN,146,172,318
SELANGOR,PPD KLANG,BBC0045,SJK(C) KENG CHEE,71,60,131
SELANGOR,PPD KLANG,BBC0046,SJK(C) KHE BENG,632,676,1308
SELANGOR,PPD KLANG,BBC0047,SJK(C) KONG HOE,599,559,1158
SELANGOR,PPD KLANG,BBC0048,SJK(C) LEE MIN,65,56,121
SELANGOR,PPD KLANG,BBC0049,SJK(C) PANDAMARAN 'A',641,643,1284
SELANGOR,PPD KLANG,BBC0050,SJK(C) PANDAMARAN 'B',1296,1178,2474
SELANGOR,PPD KLANG,BBC0051,SJK(C) PIN HWA (1),1010,995,2005
SELANGOR,PPD KLANG,BBC0052,SJK(C) PUI YING,843,807,1650
SELANGOR,PPD KLANG,BBC0053,SJK(C) SIN BIN,81,64,145
SELANGOR,PPD KLANG,BBC0054,SJK(C) SOO JIN,474,494,968
SELANGOR,PPD KLANG,BBC0055,SJK(C) TIONG HUA KOK BIN,127,150,277
SELANGOR,PPD KLANG,BBC0056,SJK(C) TSHING NIAN,803,715,1518
SELANGOR,PPD KLANG,BBC0057,SJK(C) WU TECK,254,192,446
SELANGOR,PPD KLANG,BBC0058,SJK(C) YING WAH,182,193,375
SELANGOR,PPD KLANG,BBC0059,SJK(C) PIN HWA (2),532,522,1054
SELANGOR,PPD KLANG,BBC0060,SJK(C) TAMAN RASHNA,1130,1093,2223
SELANGOR,PPD KLANG,BBD0060,SJK(T) LADANG BATU AMPAT,331,325,656
SELANGOR,PPD KLANG,BBD0061,SJK(T) LADANG BRAFFERTON,20,14,34
SELANGOR,PPD KLANG,BBD0062,SJK(T) LADANG BUKIT RAJAH,69,55,124
SELANGOR,PPD KLANG,BBD0072,SJK(T) LADANG EMERALD,272,290,562
SELANGOR,PPD KLANG,BBD0074,SJK(T) LADANG HIGHLANDS,423,338,761
SELANGOR,PPD KLANG,BBD0075,SJK(T) LADANG JALAN ACOB,105,103,208
SELANGOR,PPD KLANG,BBD0076,SJK(T) JALAN TEPI SUNGAI,34,49,83
SELANGOR,PPD KLANG,BBD0077,SJK(T) PERSIARAN RAJA MUDA MUSA,466,454,920
SELANGOR,PPD KLANG,BBD0078,SJK(T) JALAN MERU,298,291,589
SELANGOR,PPD KLANG,BBD0079,SJK(T) METHODIST,470,487,957
SELANGOR,PPD KLANG,BBD0084,SJK(T) SIMPANG LIMA,1262,1202,2464
SELANGOR,PPD KLANG,BBD0092,SJK(T) LDG VALLAMBROSA,313,312,625
SELANGOR,PPD KLANG,BBD8464,SJK(T) LADANG NORTH HUMMOCK,104,125,229
SELANGOR,PPD KLANG,BEA0091,SMK RAJA MAHADI,1155,1085,2240
SELANGOR,PPD KLANG,BEA0092,SMK RAJA LUMU,662,460,1122
SELANGOR,PPD KLANG,BEA0093,SMK TENGKU AMPUAN RAHIMAH,966,1003,1969
SELANGOR,PPD KLANG,BEA0094,SMK TENGKU AMPUAN JEMAAH,1296,999,2295
SELANGOR,PPD KLANG,BEA0095,SMK TENGKU IDRIS SHAH,1798,475,2273
SELANGOR,PPD KLANG,BEA0096,SMK SULTAN ABDUL SAMAD,655,243,898
SELANGOR,PPD KLANG,BEA0097,SMK PULAU INDAH,550,508,1058
SELANGOR,PPD KLANG,BEA0099,SMK SRI ISTANA,379,337,716
SELANGOR,PPD KLANG,BEA0100,SMK RANTAU PANJANG,1331,1332,2663
SELANGOR,PPD KLANG,BEA0101,SMK (P) KAPAR,0,2050,2050
SELANGOR,PPD KLANG,BEA0102,SMK PENDAMARAN JAYA,874,809,1683
SELANGOR,PPD KLANG,BEA0103,SMK TELOK GADONG,1167,1096,2263
SELANGOR,PPD KLANG,BEA0104,SMK SRI ANDALAS,1125,1044,2169
SELANGOR,PPD KLANG,BEA0105,SMK JALAN KEBUN,1467,1462,2929
SELANGOR,PPD KLANG,BEA0106,SMK KAMPUNG JAWA,1093,930,2023
SELANGOR,PPD KLANG,BEA0107,SMK TAMAN  KLANG UTAMA,804,809,1613
SELANGOR,PPD KLANG,BEA0108,SMK KOTA KEMUNING,1481,1519,3000
SELANGOR,PPD KLANG,BEA0109,SMK BANDAR BARU SULTAN SULEIMAN,597,527,1124
SELANGOR,PPD KLANG,BEA0110,SMK SUNGAI KAPAR INDAH,1311,1470,2781
SELANGOR,PPD KLANG,BEA0111,SMK SHAHBANDARAYA,891,1044,1935
SELANGOR,PPD KLANG,BEA0112,SMK BATU UNJUR,1305,1070,2375
SELANGOR,PPD KLANG,BEA0113,SEKOLAH MENENGAH KEBANGSAAN BUKIT TINGGI KLANG,208,204,412
SELANGOR,PPD KLANG,BEB0099,SMK METHODIST (ACS),1213,124,1337
SELANGOR,PPD KLANG,BEB0100,SMJK CHUNG HWA,593,581,1174
SELANGOR,PPD KLANG,BEB0101,SMK CONVENT,0,1307,1307
SELANGOR,PPD KLANG,BEB0102,SMK TINGGI KLANG,1533,230,1763
SELANGOR,PPD KLANG,BEB0103,SMJK KWANG HUA,1676,1792,3468
SELANGOR,PPD KLANG,BEB0104,SMK LA SALLE,1056,8,1064
SELANGOR,PPD KLANG,BEB0105,SMK (P) METHODIST,0,1668,1668
SELANGOR,PPD KLANG,BEB0106,SMK (P) BUKIT KUDA,0,1171,1171
SELANGOR,PPD KLANG,BEB0108,SMK DATO HAMZAH,1188,172,1360
SELANGOR,PPD KLANG,BEB0109,SMK (P) RAJA ZARINA,0,2075,2075
SELANGOR,PPD KLANG,BEB0110,SMK MERU,2374,2053,4427
SELANGOR,PPD KLANG,BEB0111,SMK PULAU KETAM,217,228,445
SELANGOR,PPD KLANG,BFT0001,SAMT SULTAN HISAMUDDIN,505,800,1305
SELANGOR,PPD KLANG,BFT0002,SAM HISAMUDDIN,375,480,855
SELANGOR,PPD KLANG,BFT0003,SAM NURUL IMAN,293,288,581
SELANGOR,PPD KLANG,BKE0001,KOLEJ VOKASIONAL KLANG,524,102,626
SELANGOR,PPD KLANG,BRA0001,KOLEJ ISLAM SULTAN ALAM SHAH (SMBP),362,416,778
SELANGOR,PPD KUALA LANGAT,BBA1002,SK SUNGAI BUAYA,310,263,573
SELANGOR,PPD KUALA LANGAT,BBA1003,SK BANDAR,158,160,318
SELANGOR,PPD KUALA LANGAT,BBA1004,SK SUNGAI MANGGIS,216,201,417
SELANGOR,PPD KUALA LANGAT,BBA1005,SK OLAK LEMPIT,456,419,875
SELANGOR,PPD KUALA LANGAT,BBA1006,SK LABOHAN DAGANG,295,276,571
SELANGOR,PPD KUALA LANGAT,BBA1007,SK BKT CHANGGANG,495,517,1012
SELANGOR,PPD KUALA LANGAT,BBA1008,SK JENJAROM,568,516,1084
SELANGOR,PPD KUALA LANGAT,BBA1009,SK TELOK PANGLIMA GARANG,612,561,1173
SELANGOR,PPD KUALA LANGAT,BBA1010,SK KEBUN BAHARU,888,887,1775
SELANGOR,PPD KUALA LANGAT,BBA1011,SK SIJANGKANG,752,694,1446
SELANGOR,PPD KUALA LANGAT,BBA1012,SK SG  BUMBUN (A),87,83,170
SELANGOR,PPD KUALA LANGAT,BBA1013,SK SUNGAI JUDAH,89,69,158
SELANGOR,PPD KUALA LANGAT,BBA1014,SK BUKIT TADOM,41,51,92
SELANGOR,PPD KUALA LANGAT,BBA1015,SK SERI CHEDING,182,150,332
SELANGOR,PPD KUALA LANGAT,BBA1016,SK (ASLI) BKT CHEDING,68,74,142
SELANGOR,PPD KUALA LANGAT,BBA1023,SK TG SEPAT,309,267,576
SELANGOR,PPD KUALA LANGAT,BBA1024,SK BATU LAUT,198,226,424
SELANGOR,PPD KUALA LANGAT,BBA1025,SK KAMPONG ENDAH,168,137,305
SELANGOR,PPD KUALA LANGAT,BBA1026,SK MORIB,144,130,274
SELANGOR,PPD KUALA LANGAT,BBA1027,SK KANCHONG DARAT,614,503,1117
SELANGOR,PPD KUALA LANGAT,BBA1028,SK SG LANG,228,249,477
SELANGOR,PPD KUALA LANGAT,BBA1029,SK SERI LANANG,209,183,392
SELANGOR,PPD KUALA LANGAT,BBA1030,SK PERMATANG PASIR,76,83,159
SELANGOR,PPD KUALA LANGAT,BBA1031,SK SG KELAMBU,122,141,263
SELANGOR,PPD KUALA LANGAT,BBA1032,SK KAMPUNG MEDAN,413,414,827
SELANGOR,PPD KUALA LANGAT,BBA1033,SK JALAN TANJUNG,413,405,818
SELANGOR,PPD KUALA LANGAT,BBA1034,SK KANCHONG TENGAH,94,90,184
SELANGOR,PPD KUALA LANGAT,BBA1035,SK SIJANGKANG JAYA,357,339,696
SELANGOR,PPD KUALA LANGAT,BBA1036,SK RTB BUKIT CHANGGANG,552,521,1073
SELANGOR,PPD KUALA LANGAT,BBA1037,SK JUGRA,482,464,946
SELANGOR,PPD KUALA LANGAT,BBA1038,SK BANDAR BANTING,403,399,802
SELANGOR,PPD KUALA LANGAT,BBA1039,SK (ASLI) BUKIT KEMANDOL,106,92,198
SELANGOR,PPD KUALA LANGAT,BBA9207,SK KAMPONG BUSUT ASLI,23,19,42
SELANGOR,PPD KUALA LANGAT,BBB1031,SK METHODIST,194,183,377
SELANGOR,PPD KUALA LANGAT,BBB1032,SK SRI LANGAT (INTEG),555,521,1076
SELANGOR,PPD KUALA LANGAT,BBC1035,SJK(C) CHOONG HUA,653,592,1245
SELANGOR,PPD KUALA LANGAT,BBC1036,SJK(C) JENJAROM,855,777,1632
SELANGOR,PPD KUALA LANGAT,BBC1037,SJK(C) KAH WAH,205,196,401
SELANGOR,PPD KUALA LANGAT,BBC1038,SJK(C) PENG MING,235,199,434
SELANGOR,PPD KUALA LANGAT,BBC1040,SJK(C) SIMPANG MORIB,86,76,162
SELANGOR,PPD KUALA LANGAT,BBC1041,SJK(C) TANJONG SEPAT,364,367,731
SELANGOR,PPD KUALA LANGAT,BBC1043,SJK(C) TIONG NAM,130,118,248
SELANGOR,PPD KUALA LANGAT,BBD1047,SJK(T) SG MANGGIS,153,141,294
SELANGOR,PPD KUALA LANGAT,BBD1053,SJK(T) LDG GADONG,57,46,103
SELANGOR,PPD KUALA LANGAT,BBD1054,SJK(T) LDG JUGRA,116,95,211
SELANGOR,PPD KUALA LANGAT,BBD1055,SJK(T) JENJAROM,98,116,214
SELANGOR,PPD KUALA LANGAT,BBD1058,SJK(T) SIMPANG MORIB,78,84,162
SELANGOR,PPD KUALA LANGAT,BBD1060,SJK(T) SUNGAI SEDU,46,29,75
SELANGOR,PPD KUALA LANGAT,BBD1061,SJK(T) SUNGAI BUAYA,72,69,141
SELANGOR,PPD KUALA LANGAT,BBD1062,SJK(T) TELOK PANGLIMA GARANG,304,321,625
SELANGOR,PPD KUALA LANGAT,BBD1063,SJK(T) PUSAT TELOK DATOK,290,338,628
SELANGOR,PPD KUALA LANGAT,BBD1065,SJK(T) LADANG TUMBUK,65,55,120
SELANGOR,PPD KUALA LANGAT,BBD1066,SJK(T) PULAU CAREY SELATAN,19,16,35
SELANGOR,PPD KUALA LANGAT,BBD1067,SJK(T) PULAU CAREY BARAT,41,44,85
SELANGOR,PPD KUALA LANGAT,BBD1068,SJK(T) PULAU CAREY TIMUR,17,14,31
SELANGOR,PPD KUALA LANGAT,BEA1064,SMK JENJAROM,742,787,1529
SELANGOR,PPD KUALA LANGAT,BEA1065,SMK JUGRA,860,861,1721
SELANGOR,PPD KUALA LANGAT,BEA1066,SMK TELOK DATOK,585,728,1313
SELANGOR,PPD KUALA LANGAT,BEA1068,SMK BATU LAUT,329,296,625
SELANGOR,PPD KUALA LANGAT,BEA1069,SMK TELOK PANGLIMA GARANG,1493,1527,3020
SELANGOR,PPD KUALA LANGAT,BEA1070,SMK BUKIT CHANGGANG,864,783,1647
SELANGOR,PPD KUALA LANGAT,BEA1071,SMK BANTING,726,779,1505
SELANGOR,PPD KUALA LANGAT,BEA1072,SMK SIJANGKANG JAYA,1018,926,1944
SELANGOR,PPD KUALA LANGAT,BEA1073,SMK BANDAR BANTING,868,824,1692
SELANGOR,PPD KUALA LANGAT,BEA1074,SEKOLAH MENENGAH SAINS BANTING,405,435,840
SELANGOR,PPD KUALA LANGAT,BEB1069,SMK METHODIST,660,631,1291
SELANGOR,PPD KUALA LANGAT,BEB1070,KOLEJ VOKASIONAL SULTAN ABDUL SAMAD ,43,84,127
SELANGOR,PPD KUALA LANGAT,BEB1072,SMK TANJUNG SEPAT,453,448,901
SELANGOR,PPD KUALA LANGAT,BEB1073,SMK SUNGAI MANGGIS,393,440,833
SELANGOR,PPD KUALA LANGAT,BEB1074,SMK PULAU CAREY,144,114,258
SELANGOR,PPD KUALA LANGAT,BFT1001,SAM UNWANUS SAADAH,339,371,710
SELANGOR,PPD KUALA LANGAT,BFT1002,SAMT TENGKU AMPUAN RAHIMAH,500,620,1120
SELANGOR,PPD KUALA SELANGOR,BBA3001,SK ASSAM JAWA (INTEG),353,393,746
SELANGOR,PPD KUALA SELANGOR,BBA3002,SK BKT BADONG,467,449,916
SELANGOR,PPD KUALA SELANGOR,BBA3003,SK BKT KERAYONG,224,204,428
SELANGOR,PPD KUALA SELANGOR,BBA3004,SK DATO' MAHARAJA LELA,863,797,1660
SELANGOR,PPD KUALA SELANGOR,BBA3005,SK TAMBAK JAWA,175,183,358
SELANGOR,PPD KUALA SELANGOR,BBA3006,SK JERAM,186,190,376
SELANGOR,PPD KUALA SELANGOR,BBA3007,SK JERAM BT 20,355,269,624
SELANGOR,PPD KUALA SELANGOR,BBA3008,SK JAYA SETIA,143,129,272
SELANGOR,PPD KUALA SELANGOR,BBA3009,SK PASANGAN,87,75,162
SELANGOR,PPD KUALA SELANGOR,BBA3010,SK RANTAU PANJANG,198,190,388
SELANGOR,PPD KUALA SELANGOR,BBA3011,SK IJOK,234,266,500
SELANGOR,PPD KUALA SELANGOR,BBA3012,SK TANJUNG KERAMAT,125,100,225
SELANGOR,PPD KUALA SELANGOR,BBA3013,SK BKT BELIMBING,137,136,273
SELANGOR,PPD KUALA SELANGOR,BBA3014,SK KUALA SELANGOR,180,182,362
SELANGOR,PPD KUALA SELANGOR,BBA3015,SK TANJONG KARANG,313,253,566
SELANGOR,PPD KUALA SELANGOR,BBA3016,SK SUNGAI BURONG,235,205,440
SELANGOR,PPD KUALA SELANGOR,BBA3017,SK SRI TIRAM,201,163,364
SELANGOR,PPD KUALA SELANGOR,BBA3018,SK DATO' MANAN (INTEG),311,255,566
SELANGOR,PPD KUALA SELANGOR,BBA3019,SK SERI GAMBUT,84,82,166
SELANGOR,PPD KUALA SELANGOR,BBA3020,SK SUNGAI SIREH,306,244,550
SELANGOR,PPD KUALA SELANGOR,BBA3021,SK PARIT EMPAT,172,153,325
SELANGOR,PPD KUALA SELANGOR,BBA3022,SK PARIT MAHANG,254,260,514
SELANGOR,PPD KUALA SELANGOR,BBA3024,SK JALAN RAJA MUSA,126,110,236
SELANGOR,PPD KUALA SELANGOR,BBA3025,SK SUNGAI TERAP,245,210,455
SELANGOR,PPD KUALA SELANGOR,BBA3026,SK PARIT SERONG,132,113,245
SELANGOR,PPD KUALA SELANGOR,BBA3028,SK SAWAH SEMPADAN,168,161,329
SELANGOR,PPD KUALA SELANGOR,BBA3029,SK BERJAYA,171,167,338
SELANGOR,PPD KUALA SELANGOR,BBA3031,SK BANDAR BARU,643,561,1204
SELANGOR,PPD KUALA SELANGOR,BBA3032,SK BESTARI JAYA,221,210,431
SELANGOR,PPD KUALA SELANGOR,BBA3033,SK PUNCAK ALAM,431,351,782
SELANGOR,PPD KUALA SELANGOR,BBA3034,SK SAUJANA UTAMA IJOK,1586,1533,3119
SELANGOR,PPD KUALA SELANGOR,BBA3035,SK PUNCAK ALAM 2,1157,1102,2259
SELANGOR,PPD KUALA SELANGOR,BBA3036,SK SERI PRISTANA,806,743,1549
SELANGOR,PPD KUALA SELANGOR,BBA3037,SK PUNCAK ALAM 3,602,568,1170
SELANGOR,PPD KUALA SELANGOR,BBA3038,SK DESA AMAN,534,485,1019
SELANGOR,PPD KUALA SELANGOR,BBB3030,SK SULTAN ABDUL AZIZ,86,100,186
SELANGOR,PPD KUALA SELANGOR,BBB3033,"SK BATU 9, JALAN BOMBA",454,444,898
SELANGOR,PPD KUALA SELANGOR,BBC3034,SJK(C) AIK THEE,174,179,353
SELANGOR,PPD KUALA SELANGOR,BBC3035,SJK(C) BAGAN PASIR,45,45,90
SELANGOR,PPD KUALA SELANGOR,BBC3036,SJK(C) CHUNG WAH,182,153,335
SELANGOR,PPD KUALA SELANGOR,BBC3037,SJK(C) IJOK,182,181,363
SELANGOR,PPD KUALA SELANGOR,BBC3038,SJK(C) KHAI TEE,181,149,330
SELANGOR,PPD KUALA SELANGOR,BBC3040,SJK(C) LIAT CHOON,62,57,119
SELANGOR,PPD KUALA SELANGOR,BBC3041,SJK(C) MING TEE,100,108,208
SELANGOR,PPD KUALA SELANGOR,BBC3042,SJK(C) PUI CHI,37,33,70
SELANGOR,PPD KUALA SELANGOR,BBC3043,SJK(C) PUI TEH,33,30,63
SELANGOR,PPD KUALA SELANGOR,BBC3044,SJK(C) TANJONG KARANG,229,212,441
SELANGOR,PPD KUALA SELANGOR,BBC3045,SJK(C) YIT KHWAN,71,69,140
SELANGOR,PPD KUALA SELANGOR,BBC3047,SJK(C) YUK CHIH,110,94,204
SELANGOR,PPD KUALA SELANGOR,BBD3048,SJK(T) BESTARI JAYA,328,323,651
SELANGOR,PPD KUALA SELANGOR,BBD3049,SJK(T) LDG BRAUNSTON,14,24,38
SELANGOR,PPD KUALA SELANGOR,BBD3051,SJK(T) LDG BUKIT CHERAKA,72,89,161
SELANGOR,PPD KUALA SELANGOR,BBD3052,SJK(T) LDG BKT IJOK,3,0,3
SELANGOR,PPD KUALA SELANGOR,BBD3055,SJK(T) LDG COALFIELDS,46,53,99
SELANGOR,PPD KUALA SELANGOR,BBD3056,SJK(T) GHANDIJI,23,40,63
SELANGOR,PPD KUALA SELANGOR,BBD3057,SJK(T) LDG HOPEFUL,5,5,10
SELANGOR,PPD KUALA SELANGOR,BBD3058,SJK(T) LDG KG BARU,10,6,16
SELANGOR,PPD KUALA SELANGOR,BBD3060,SJK(T) LADANG SUNGAI TERAP,18,31,49
SELANGOR,PPD KUALA SELANGOR,BBD3061,SJK(T) LDG KUALA SELANGOR,39,47,86
SELANGOR,PPD KUALA SELANGOR,BBD3064,SJK(T) LDG RAJA MUSA,27,28,55
SELANGOR,PPD KUALA SELANGOR,BBD3065,SJK(T) BUKIT ROTAN BARU,16,10,26
SELANGOR,PPD KUALA SELANGOR,BBD3066,SJK(T) LDG RIVERSIDE,36,34,70
SELANGOR,PPD KUALA SELANGOR,BBD3068,SJK(T) LDG SELANGOR RIVER,50,49,99
SELANGOR,PPD KUALA SELANGOR,BBD3069,SJK(T) LDG SG BULOH,21,11,32
SELANGOR,PPD KUALA SELANGOR,BBD3071,SJK(T) LDG SG RAMBAI,14,25,39
SELANGOR,PPD KUALA SELANGOR,BBD3072,SJK(T) LADANG TUAN MEE,29,24,53
SELANGOR,PPD KUALA SELANGOR,BBD3073,SJK(T) VAGEESAR,284,272,556
SELANGOR,PPD KUALA SELANGOR,BBD5052,SJK(T) LADANG MINYAK,0,1,1
SELANGOR,PPD KUALA SELANGOR,BBD5055,SJK(T) LDG NIGEL GARDNER,30,29,59
SELANGOR,PPD KUALA SELANGOR,BBD5061,SJK(T) LDG MARY,11,5,16
SELANGOR,PPD KUALA SELANGOR,BBD5062,SJK(T) LADANG SG TINGGI,24,27,51
SELANGOR,PPD KUALA SELANGOR,BEA3074,SMK SERI TANJUNG,740,806,1546
SELANGOR,PPD KUALA SELANGOR,BEA3075,SMK DATO HARUN,792,849,1641
SELANGOR,PPD KUALA SELANGOR,BEA3077,SMK RAJA MUDA MUSA,747,741,1488
SELANGOR,PPD KUALA SELANGOR,BEA3078,SMK JERAM,594,618,1212
SELANGOR,PPD KUALA SELANGOR,BEA3079,SMK SG. BURONG,412,351,763
SELANGOR,PPD KUALA SELANGOR,BEA3080,SMK TIRAM JAYA,294,298,592
SELANGOR,PPD KUALA SELANGOR,BEA3081,SMK RANTAU PANJANG,178,164,342
SELANGOR,PPD KUALA SELANGOR,BEA3082,SMK PENGKALAN PERMATANG,470,509,979
SELANGOR,PPD KUALA SELANGOR,BEA3083,SM SAINS KUALA SELANGOR,370,390,760
SELANGOR,PPD KUALA SELANGOR,BEA3084,SMK SAUJANA UTAMA,1340,1315,2655
SELANGOR,PPD KUALA SELANGOR,BEA3085,SMK PUNCAK ALAM,1132,1221,2353
SELANGOR,PPD KUALA SELANGOR,BEA3086,SMK KUALA SELANGOR,341,328,669
SELANGOR,PPD KUALA SELANGOR,BEA3087,SMK BUKIT KUCHING TENGAH,556,474,1030
SELANGOR,PPD KUALA SELANGOR,BEA3088,SEKOLAH MENENGAH KEBANGSAAN PUNCAK ALAM 3,255,235,490
SELANGOR,PPD KUALA SELANGOR,BEB3078,SMK SULTAN ABDUL AZIZ,607,629,1236
SELANGOR,PPD KUALA SELANGOR,BEB3079,SMK SULTAN SULAIMAN SHAH,507,521,1028
SELANGOR,PPD KUALA SELANGOR,BEB3080,SMK SERI DESA,519,492,1011
SELANGOR,PPD KUALA SELANGOR,BFT3001,SAM JERAM,343,551,894
SELANGOR,PPD KUALA SELANGOR,BFT3002,SAM TANJONG KARANG,364,491,855
SELANGOR,PPD KUALA SELANGOR,BHA3001,SM VOKASIONAL KUALA SELANGOR,101,106,207
SELANGOR,PPD KUALA SELANGOR,BRA3001,SMKA KUALA SELANGOR,264,366,630
SELANGOR,PPD PETALING PERDANA,BBA0024,SK TAMAN SRI MUDA,514,460,974
SELANGOR,PPD PETALING PERDANA,BBA8104,SK SS 19 SUBANG JAYA,162,122,284
SELANGOR,PPD PETALING PERDANA,BBA8105,SK SEKSYEN 24,791,686,1477
SELANGOR,PPD PETALING PERDANA,BBA8202,SK SUBANG,1065,1055,2120
SELANGOR,PPD PETALING PERDANA,BBA8203,SK PADANG JAWA,630,566,1196
SELANGOR,PPD PETALING PERDANA,BBA8204,SK PUCHONG,334,329,663
SELANGOR,PPD PETALING PERDANA,BBA8205,SK SERDANG,527,464,991
SELANGOR,PPD PETALING PERDANA,BBA8212,SK SUBANG JAYA,443,450,893
SELANGOR,PPD PETALING PERDANA,BBA8213,SK RAJA MUDA (INTEG),777,744,1521
SELANGOR,PPD PETALING PERDANA,BBA8216,SK SEKSYEN ENAM,378,323,701
SELANGOR,PPD PETALING PERDANA,BBA8217,SK SRI SUBANG JAYA,206,197,403
SELANGOR,PPD PETALING PERDANA,BBA8218,SK SRI SERDANG,679,614,1293
SELANGOR,PPD PETALING PERDANA,BBA8219,SK SEKSYEN 17 SHAH ALAM,567,545,1112
SELANGOR,PPD PETALING PERDANA,BBA8222,SK SEKSYEN 19,758,648,1406
SELANGOR,PPD PETALING PERDANA,BBA8223,SK HICOM,663,600,1263
SELANGOR,PPD PETALING PERDANA,BBA8224,SK SEKSYEN 18,496,470,966
SELANGOR,PPD PETALING PERDANA,BBA8225,SK SEKSYEN 20,1066,946,2012
SELANGOR,PPD PETALING PERDANA,BBA8227,SK SEAFIELD,369,356,725
SELANGOR,PPD PETALING PERDANA,BBA8228,SK TAMAN UNIVERSITI,1064,881,1945
SELANGOR,PPD PETALING PERDANA,BBA8229,SK PUCHONG JAYA,286,258,544
SELANGOR,PPD PETALING PERDANA,BBA8230,SK TAMAN ALAM MEGAH,672,583,1255
SELANGOR,PPD PETALING PERDANA,BBA8231,SK TAMAN SRI MUDA 2,520,511,1031
SELANGOR,PPD PETALING PERDANA,BBA8232,SK PERDANA JAYA SS19,214,154,368
SELANGOR,PPD PETALING PERDANA,BBA8233,SK TUDM SUBANG,501,510,1011
SELANGOR,PPD PETALING PERDANA,BBA8234,SK BANDAR SUNWAY,499,428,927
SELANGOR,PPD PETALING PERDANA,BBA8235,SK PUCHONG PERDANA,1194,1087,2281
SELANGOR,PPD PETALING PERDANA,BBA8237,SK SERI SELANGOR,530,485,1015
SELANGOR,PPD PETALING PERDANA,BBA8238,SK BANDAR ANGGERIK,486,470,956
SELANGOR,PPD PETALING PERDANA,BBA8239,SK BUKIT KUCHAI,299,219,518
SELANGOR,PPD PETALING PERDANA,BBA8240,SK TAMAN TUN DR ISMAIL JAYA,757,707,1464
SELANGOR,PPD PETALING PERDANA,BBA8242,SK ALAM MEGAH DUA,540,438,978
SELANGOR,PPD PETALING PERDANA,BBA8243,SK SEAFIELD 3,511,430,941
SELANGOR,PPD PETALING PERDANA,BBA8245,SK PENDIDIKAN KHAS SELANGOR,66,44,110
SELANGOR,PPD PETALING PERDANA,BBA8246,"SK SEKSYEN 9, SHAH ALAM",587,576,1163
SELANGOR,PPD PETALING PERDANA,BBA8247,SK USJ 2,270,228,498
SELANGOR,PPD PETALING PERDANA,BBA8249,SK PUCHONG UTAMA,921,832,1753
SELANGOR,PPD PETALING PERDANA,BBA8251,SK USJ 20,563,522,1085
SELANGOR,PPD PETALING PERDANA,BBA8252,SK USJ 12,537,524,1061
SELANGOR,PPD PETALING PERDANA,BBA8254,SK PUCHONG UTAMA 2,978,934,1912
SELANGOR,PPD PETALING PERDANA,BBA8255,SK SEKSYEN 1 BANDAR KINRARA,900,931,1831
SELANGOR,PPD PETALING PERDANA,BBA8256,SK SEKSYEN 13,477,447,924
SELANGOR,PPD PETALING PERDANA,BBA8257,SK PUCHONG INDAH,1277,1160,2437
SELANGOR,PPD PETALING PERDANA,BBA8258,SK PUSAT BANDAR PUCHONG (1),304,313,617
SELANGOR,PPD PETALING PERDANA,BBA8261,SK ALAM MEGAH (3),623,609,1232
SELANGOR,PPD PETALING PERDANA,BBA8262,SK SEKSYEN 2 BANDAR KINRARA,590,553,1143
SELANGOR,PPD PETALING PERDANA,BBA8264,SK BUKIT JELUTONG,1245,1275,2520
SELANGOR,PPD PETALING PERDANA,BBA8266,SK DATO' ONN JAAFAR,382,394,776
SELANGOR,PPD PETALING PERDANA,BBA8267,SK SEKSYEN 27(1),507,489,996
SELANGOR,PPD PETALING PERDANA,BBA8268,SK SUBANG BESTARI,1421,1280,2701
SELANGOR,PPD PETALING PERDANA,BBA8269,SK PUSAT BANDAR PUCHONG 2,453,442,895
SELANGOR,PPD PETALING PERDANA,BBA8272,SK SEKSYEN 7,796,717,1513
SELANGOR,PPD PETALING PERDANA,BBA8273,SK SEKSYEN 27 (2),522,446,968
SELANGOR,PPD PETALING PERDANA,BBA8274,SK PUCHONG JAYA 2,289,256,545
SELANGOR,PPD PETALING PERDANA,BBA8275,SK TAMAN BUKIT SUBANG,841,760,1601
SELANGOR,PPD PETALING PERDANA,BBA8279,SK PUCHONG UTAMA 3,417,363,780
SELANGOR,PPD PETALING PERDANA,BBA8280,SK TAMAN SUNGAI BESI INDAH,633,595,1228
SELANGOR,PPD PETALING PERDANA,BBA8281,SK KAMPUNG LINDUNGAN,476,462,938
SELANGOR,PPD PETALING PERDANA,BBA8282,SK JALAN U3,1073,961,2034
SELANGOR,PPD PETALING PERDANA,BBA8283,SK SETIA ALAM,619,575,1194
SELANGOR,PPD PETALING PERDANA,BBA8284,SK TAMAN DESAMINIUM,948,861,1809
SELANGOR,PPD PETALING PERDANA,BBA8286,SEKOLAH KEBANGSAAN SAUJANA PUCHONG,393,362,755
SELANGOR,PPD PETALING PERDANA,BBA8287,SEKOLAH KEBANGSAAN SUBANG BESTARI DUA,495,473,968
SELANGOR,PPD PETALING PERDANA,BBB8315,SK SHAH ALAM,310,274,584
SELANGOR,PPD PETALING PERDANA,BBC8403,SJK(C) KUNG MAN,598,553,1151
SELANGOR,PPD PETALING PERDANA,BBC8404,SJK(C) HAN MING,2008,1950,3958
SELANGOR,PPD PETALING PERDANA,BBC8405,SJK(C) SERDANG BARU (1),1294,1212,2506
SELANGOR,PPD PETALING PERDANA,BBC8406,SJK(C) SERDANG BARU (2),1613,1606,3219
SELANGOR,PPD PETALING PERDANA,BBC8407,SJK(C) SUBANG,997,917,1914
SELANGOR,PPD PETALING PERDANA,BBC8410,SJK(C) YAK CHEE,2003,1930,3933
SELANGOR,PPD PETALING PERDANA,BBC8414,SJK(C) LICK HUNG,1269,1251,2520
SELANGOR,PPD PETALING PERDANA,BBC8416,SJK(C) TUN TAN CHENG LOCK,485,483,968
SELANGOR,PPD PETALING PERDANA,BBC8417,SJK(C) CHEE WEN,1274,1324,2598
SELANGOR,PPD PETALING PERDANA,BBC8419,SJK(C) LADANG HARCROFT,1138,1068,2206
SELANGOR,PPD PETALING PERDANA,BBC8421,SJK(C) TUN TAN SIEW SIN,239,211,450
SELANGOR,PPD PETALING PERDANA,BBC8422,SEKOLAH JENIS KEBANGSAAN CINA KHENG CHEE,154,150,304
SELANGOR,PPD PETALING PERDANA,BBD8451,SJK(T) CASTLEFIELD,241,215,456
SELANGOR,PPD PETALING PERDANA,BBD8453,SJK(T) F E S SERDANG,243,327,570
SELANGOR,PPD PETALING PERDANA,BBD8454,SJK(T) PUCHONG,557,545,1102
SELANGOR,PPD PETALING PERDANA,BBD8455,SJK(T) LDG KINRARA,313,311,624
SELANGOR,PPD PETALING PERDANA,BBD8459,SJK(T) HICOM,115,110,225
SELANGOR,PPD PETALING PERDANA,BBD8461,SJK(T) LADANG EBOR,60,44,104
SELANGOR,PPD PETALING PERDANA,BBD8462,SJK(T) LDG GLENMARIE,44,36,80
SELANGOR,PPD PETALING PERDANA,BBD8463,SJK(T) LADANG MIDLANDS,79,73,152
SELANGOR,PPD PETALING PERDANA,BBD8466,SJK(T) LDG RASAK,72,61,133
SELANGOR,PPD PETALING PERDANA,BBD8468,SJK(T) SG  RENGGAM,445,485,930
SELANGOR,PPD PETALING PERDANA,BBD8469,SJK(T) LDG SEAFIELD,41,49,90
SELANGOR,PPD PETALING PERDANA,BBD8470,SJK(T) TUN SAMBANTHAN,331,299,630
SELANGOR,PPD PETALING PERDANA,BEA8601,SMK PUCHONG,696,846,1542
SELANGOR,PPD PETALING PERDANA,BEA8603,SMK SULTAN SALAHUDDIN ABDUL AZIZ SHAH,619,586,1205
SELANGOR,PPD PETALING PERDANA,BEA8604,SMK SUBANG JAYA,591,497,1088
SELANGOR,PPD PETALING PERDANA,BEA8606,SMK SERI SERDANG,1130,1336,2466
SELANGOR,PPD PETALING PERDANA,BEA8609,SMK BATU 8,676,719,1395
SELANGOR,PPD PETALING PERDANA,BEA8610,SMK SEKSYEN 16,586,620,1206
SELANGOR,PPD PETALING PERDANA,BEA8612,SM PENDIDIKAN KHAS SHAH ALAM,66,82,148
SELANGOR,PPD PETALING PERDANA,BEA8614,SMK SUBANG UTAMA,509,485,994
SELANGOR,PPD PETALING PERDANA,BEA8616,SMK SEKSYEN SEBELAS,243,143,386
SELANGOR,PPD PETALING PERDANA,BEA8617,SMK SEKSYEN 18,513,783,1296
SELANGOR,PPD PETALING PERDANA,BEA8618,SMK SEAFIELD,994,1061,2055
SELANGOR,PPD PETALING PERDANA,BEA8619,SMK SEKSYEN 24,761,644,1405
SELANGOR,PPD PETALING PERDANA,BEA8621,SMK SEKSYEN 19,1092,1059,2151
SELANGOR,PPD PETALING PERDANA,BEA8622,SMK ALAM MEGAH,630,683,1313
SELANGOR,PPD PETALING PERDANA,BEA8623,SMK TAMAN SRI MUDA,926,900,1826
SELANGOR,PPD PETALING PERDANA,BEA8625,SMK SS 17,369,329,698
SELANGOR,PPD PETALING PERDANA,BEA8626,SMK BANDAR SUNWAY,623,551,1174
SELANGOR,PPD PETALING PERDANA,BEA8627,SMK SERI INDAH,734,631,1365
SELANGOR,PPD PETALING PERDANA,BEA8628,SMK PUCHONG PERDANA,1302,1212,2514
SELANGOR,PPD PETALING PERDANA,BEA8629,SMK SEKSYEN 9,805,853,1658
SELANGOR,PPD PETALING PERDANA,BEA8630,SMK SUBANG,1309,1388,2697
SELANGOR,PPD PETALING PERDANA,BEA8632,SMK USJ 4,728,607,1335
SELANGOR,PPD PETALING PERDANA,BEA8633,SMK USJ 13,879,825,1704
SELANGOR,PPD PETALING PERDANA,BEA8634,SMK USJ 8,766,682,1448
SELANGOR,PPD PETALING PERDANA,BEA8635,SMK USJ 12,1008,965,1973
SELANGOR,PPD PETALING PERDANA,BEA8636,SMK PUCHONG UTAMA (1),1312,1355,2667
SELANGOR,PPD PETALING PERDANA,BEA8637,SMK TTDI JAYA,1011,1041,2052
SELANGOR,PPD PETALING PERDANA,BEA8639,SMK SEKSYEN 1 BANDAR KINRARA,482,504,986
SELANGOR,PPD PETALING PERDANA,BEA8642,SMK USJ 23,505,515,1020
SELANGOR,PPD PETALING PERDANA,BEA8645,SMK SEKSYEN 3 BANDAR KINRARA,853,843,1696
SELANGOR,PPD PETALING PERDANA,BEA8647,SMK SEKSYEN 4 BANDAR KINRARA,889,903,1792
SELANGOR,PPD PETALING PERDANA,BEA8648,SMK SEKSYEN 7,1060,1061,2121
SELANGOR,PPD PETALING PERDANA,BEA8649,SMK PUSAT BANDAR PUCHONG 1,1431,1338,2769
SELANGOR,PPD PETALING PERDANA,BEA8650,SMK BUKIT JELUTONG,894,910,1804
SELANGOR,PPD PETALING PERDANA,BEA8653,SMK ALAM MEGAH 2,631,700,1331
SELANGOR,PPD PETALING PERDANA,BEA8654,SMK SEKSYEN 24 (2),425,470,895
SELANGOR,PPD PETALING PERDANA,BEA8656,SMK BANDAR PUCHONG JAYA (A),562,461,1023
SELANGOR,PPD PETALING PERDANA,BEA8657,SMK BANDAR PUCHONG JAYA (B),669,525,1194
SELANGOR,PPD PETALING PERDANA,BEA8660,SMK SEKSYEN 27,404,375,779
SELANGOR,PPD PETALING PERDANA,BEA8662,SMK SUBANG BESTARI,1151,1195,2346
SELANGOR,PPD PETALING PERDANA,BEA8663,SMK PUCHONG PERMAI,845,841,1686
SELANGOR,PPD PETALING PERDANA,BEA8664,SMK TAMAN DESAMINIUM,572,543,1115
SELANGOR,PPD PETALING PERDANA,BEA8665,SMK SETIA ALAM,591,585,1176
SELANGOR,PPD PETALING PERDANA,BEA8668,SEKOLAH MENENGAH KEBANGSAAN SHAH ALAM,96,95,191
SELANGOR,PPD PETALING PERDANA,BEB8659,SMK SERI KEMBANGAN,1666,1674,3340
SELANGOR,PPD PETALING PERDANA,BFT8002,SAM BESTARI,322,387,709
SELANGOR,PPD PETALING PERDANA,BFT8003,SAMT TENGKU AMPUAN JEMAAH,360,439,799
SELANGOR,PPD PETALING PERDANA,BHA8004,KOLEJ VOKASIONAL SHAH ALAM,402,101,503
SELANGOR,PPD PETALING UTAMA,BBA8101,SK TAMAN DATO HARUN (2),451,419,870
SELANGOR,PPD PETALING UTAMA,BBA8102,SK KELANA JAYA (2),123,114,237
SELANGOR,PPD PETALING UTAMA,BBA8103,SK DAMANSARA JAYA (2),58,41,99
SELANGOR,PPD PETALING UTAMA,BBA8106,SK TAMAN MEGAH,532,444,976
SELANGOR,PPD PETALING UTAMA,BBA8201,SK PETALING JAYA,409,226,635
SELANGOR,PPD PETALING UTAMA,BBA8206,SK BUKIT LANJAN,69,80,149
SELANGOR,PPD PETALING UTAMA,BBA8208,SK DAMANSARA UTAMA,307,272,579
SELANGOR,PPD PETALING UTAMA,BBA8209,SK SRI DAMAI,121,105,226
SELANGOR,PPD PETALING UTAMA,BBA8210,SK TAMAN DATO' HARUN (SATU),482,412,894
SELANGOR,PPD PETALING UTAMA,BBA8211,SK KELANA JAYA (1),282,248,530
SELANGOR,PPD PETALING UTAMA,BBA8214,SK TAMAN SEA,119,115,234
SELANGOR,PPD PETALING UTAMA,BBA8215,SK DAMANSARA JAYA (1),119,86,205
SELANGOR,PPD PETALING UTAMA,BBA8220,SK TAMAN MEDAN,1025,972,1997
SELANGOR,PPD PETALING UTAMA,BBA8221,SK SRI KELANA,381,295,676
SELANGOR,PPD PETALING UTAMA,BBA8236,SEKOLAH KEBANGSAAN SEKSYEN 7 KOTA DAMANSARA,598,534,1132
SELANGOR,PPD PETALING UTAMA,BBA8241,SK BANDAR BARU SRI DAMANSARA,196,190,386
SELANGOR,PPD PETALING UTAMA,BBA8244,SK BANDAR UTAMA DAMANSARA,109,90,199
SELANGOR,PPD PETALING UTAMA,BBA8248,SK BANDAR UTAMA DAMANSARA 2,309,248,557
SELANGOR,PPD PETALING UTAMA,BBA8250,SK SEKSYEN 6 KOTA DAMANSARA,702,728,1430
SELANGOR,PPD PETALING UTAMA,BBA8253,SK BANDAR BARU SRI DAMANSARA 2,317,284,601
SELANGOR,PPD PETALING UTAMA,BBA8259,SK BANDAR SRI DAMANSARA 3,262,264,526
SELANGOR,PPD PETALING UTAMA,BBA8260,SK BANDAR UTAMA DAMANSARA (4),385,375,760
SELANGOR,PPD PETALING UTAMA,BBA8263,SK TROPICANA,204,178,382
SELANGOR,PPD PETALING UTAMA,BBA8265,SK BANDAR SRI DAMANSARA 1,628,530,1158
SELANGOR,PPD PETALING UTAMA,BBA8270,SK SEKSYEN 9 KOTA DAMANSARA,507,486,993
SELANGOR,PPD PETALING UTAMA,BBA8271,SK DAMANSARA DAMAI 1,942,946,1888
SELANGOR,PPD PETALING UTAMA,BBA8276,SK PPR LEMBAH SUBANG,479,426,905
SELANGOR,PPD PETALING UTAMA,BBA8277,SK SEKSYEN 11 KOTA  DAMANSARA,616,625,1241
SELANGOR,PPD PETALING UTAMA,BBA8285,SK DAMANSARA DAMAI 2,482,462,944
SELANGOR,PPD PETALING UTAMA,BBB8301,SK ASSUNTA  SATU,0,784,784
SELANGOR,PPD PETALING UTAMA,BBB8302,SK ASSUNTA (2) (M),0,716,716
SELANGOR,PPD PETALING UTAMA,BBB8303,SK (L) BUKIT BINTANG (1),122,0,122
SELANGOR,PPD PETALING UTAMA,BBB8304,SK (L) BUKIT BINTANG (2),94,0,94
SELANGOR,PPD PETALING UTAMA,BBB8305,SK KAMPUNG TUNKU,703,595,1298
SELANGOR,PPD PETALING UTAMA,BBB8306,"SK LA SALLE, PJ",555,0,555
SELANGOR,PPD PETALING UTAMA,BBB8307,"SK METHODIST,PJ",224,164,388
SELANGOR,PPD PETALING UTAMA,BBB8308,SK (1) PETALING JAYA,183,120,303
SELANGOR,PPD PETALING UTAMA,BBB8309,SK (2) PETALING JAYA,121,73,194
SELANGOR,PPD PETALING UTAMA,BBB8310,SK JALAN SELANGOR (SATU),0,121,121
SELANGOR,PPD PETALING UTAMA,BBB8311,SK (2) JALAN SELANGOR,0,111,111
SELANGOR,PPD PETALING UTAMA,BBB8312,SK SATU SULTAN ALAM SHAH,180,146,326
SELANGOR,PPD PETALING UTAMA,BBB8313,SK (2) SULTAN ALAM SHAH,60,59,119
SELANGOR,PPD PETALING UTAMA,BBB8314,SK SRI PETALING,516,380,896
SELANGOR,PPD PETALING UTAMA,BBB8316,SK SUNGEI WAY,219,209,428
SELANGOR,PPD PETALING UTAMA,BBC8401,SJK(C) CHEN MOH,690,648,1338
SELANGOR,PPD PETALING UTAMA,BBC8402,SJK(C) DAMANSARA,1063,1083,2146
SELANGOR,PPD PETALING UTAMA,BBC8408,SJK(C) SUNGAI WAY,552,517,1069
SELANGOR,PPD PETALING UTAMA,BBC8409,SJK(C) SUNGAI BULOH,737,701,1438
SELANGOR,PPD PETALING UTAMA,BBC8411,SJK(C) YUK CHAI,1782,1686,3468
SELANGOR,PPD PETALING UTAMA,BBC8412,SJK(C) YUK CHYUN,465,433,898
SELANGOR,PPD PETALING UTAMA,BBC8413,SJK(C) PUAY CHAI,947,914,1861
SELANGOR,PPD PETALING UTAMA,BBC8415,SJK(C) PUAY CHAI 2,1171,1128,2299
SELANGOR,PPD PETALING UTAMA,BBC8418,SJK(C) DESA JAYA 2,1093,1034,2127
SELANGOR,PPD PETALING UTAMA,BBC8420,SJK(C) CHUNG HWA DAMANSARA,166,139,305
SELANGOR,PPD PETALING UTAMA,BBD8452,SJK(T) LDG EFFINGHAM,161,164,325
SELANGOR,PPD PETALING UTAMA,BBD8456,SJK(T) RRI SUNGAI BULOH,174,176,350
SELANGOR,PPD PETALING UTAMA,BBD8458,SJK(T) VIVEKANANDA,413,378,791
SELANGOR,PPD PETALING UTAMA,BBD8467,SJK(T) SEAPORT,107,83,190
SELANGOR,PPD PETALING UTAMA,BEA8602,SMK SRI PERMATA,780,608,1388
SELANGOR,PPD PETALING UTAMA,BEA8607,SMK TAMAN DATO'  HARUN,862,766,1628
SELANGOR,PPD PETALING UTAMA,BEA8608,SMK DAMANSARA JAYA,769,748,1517
SELANGOR,PPD PETALING UTAMA,BEA8611,SMK DAMANSARA UTAMA,451,432,883
SELANGOR,PPD PETALING UTAMA,BEA8613,SMK TAMAN MEDAN,734,732,1466
SELANGOR,PPD PETALING UTAMA,BEA8615,SMK KELANA JAYA,438,351,789
SELANGOR,PPD PETALING UTAMA,BEA8624,SMK SRI UTAMA,313,262,575
SELANGOR,PPD PETALING UTAMA,BEA8631,SMK BANDAR UTAMA,336,353,689
SELANGOR,PPD PETALING UTAMA,BEA8638,SMK SEKSYEN 10 KOTA DAMANSARA,858,930,1788
SELANGOR,PPD PETALING UTAMA,BEA8640,SMK TROPICANA,357,333,690
SELANGOR,PPD PETALING UTAMA,BEA8641,SMK BANDAR SRI DAMANSARA 2,681,685,1366
SELANGOR,PPD PETALING UTAMA,BEA8643,SMK BANDAR UTAMA DAMANSARA 3,648,651,1299
SELANGOR,PPD PETALING UTAMA,BEA8644,SMK BANDAR UTAMA DAMANSARA (4),576,562,1138
SELANGOR,PPD PETALING UTAMA,BEA8652,SMK DAMANSARA DAMAI 1,980,923,1903
SELANGOR,PPD PETALING UTAMA,BEA8655,SMK SEKSYEN 4 KOTA DAMANSARA,823,793,1616
SELANGOR,PPD PETALING UTAMA,BEA8658,SMK BANDAR UTAMA DAMANSARA (2),493,361,854
SELANGOR,PPD PETALING UTAMA,BEA8659,SMK BANDAR SRI DAMANSARA 1,840,728,1568
SELANGOR,PPD PETALING UTAMA,BEA8661,SMK LEMBAH SUBANG,315,339,654
SELANGOR,PPD PETALING UTAMA,BEA8666,"SMK SEKSYEN 8, KOTA DAMANSARA",398,429,827
SELANGOR,PPD PETALING UTAMA,BEA8669,SEKOLAH MENENGAH KEBANGSAAN PETALING JAYA,112,174,286
SELANGOR,PPD PETALING UTAMA,BEB8651,SMK ASSUNTA,0,1755,1755
SELANGOR,PPD PETALING UTAMA,BEB8652,SMK (L) BUKIT BINTANG,705,0,705
SELANGOR,PPD PETALING UTAMA,BEB8653,SMK KATHOLIK (M),1198,1541,2739
SELANGOR,PPD PETALING UTAMA,BEB8654,"SMK LA SALLE,PJ",1192,103,1295
SELANGOR,PPD PETALING UTAMA,BEB8655,SMK (P) SRI AMAN,0,895,895
SELANGOR,PPD PETALING UTAMA,BEB8656,SMK TAMAN SEA,966,835,1801
SELANGOR,PPD PETALING UTAMA,BEB8657,SMK SULTAN ABDUL SAMAD,736,398,1134
SELANGOR,PPD PETALING UTAMA,BEB8658,SMK (P) TMN PETALING,0,946,946
SELANGOR,PPD SABAK BERNAM,BBA6001,SK SERI MAKMUR,654,558,1212
SELANGOR,PPD SABAK BERNAM,BBA6002,SK SG HJ DORANI,178,173,351
SELANGOR,PPD SABAK BERNAM,BBA6003,SK SIMPANG LIMA,260,255,515
SELANGOR,PPD SABAK BERNAM,BBA6004,SK PANCHANG PEDENA,117,90,207
SELANGOR,PPD SABAK BERNAM,BBA6005,SK SG LIMAU,232,201,433
SELANGOR,PPD SABAK BERNAM,BBA6006,SK PARIT 4,97,80,177
SELANGOR,PPD SABAK BERNAM,BBA6007,SK PARIT 6,201,188,389
SELANGOR,PPD SABAK BERNAM,BBA6008,SK SERI BAHAGIA,186,180,366
SELANGOR,PPD SABAK BERNAM,BBA6009,SK TOK KHALIFAH,162,165,327
SELANGOR,PPD SABAK BERNAM,BBA6010,SK BAGAN TERAP,145,137,282
SELANGOR,PPD SABAK BERNAM,BBA6011,SK PARIT 13,67,54,121
SELANGOR,PPD SABAK BERNAM,BBA6012,SK LOBOK PUSING,35,37,72
SELANGOR,PPD SABAK BERNAM,BBA6013,SK DOKTOR ABDUL LATIFF,291,287,578
SELANGOR,PPD SABAK BERNAM,BBA6014,SK BATU 38,285,266,551
SELANGOR,PPD SABAK BERNAM,BBA6015,SK KG BAHARU,35,41,76
SELANGOR,PPD SABAK BERNAM,BBA6016,SK TUN DOKTOR ISMAIL,121,116,237
SELANGOR,PPD SABAK BERNAM,BBA6017,SK SEKENDI,99,94,193
SELANGOR,PPD SABAK BERNAM,BBA6018,SK SIMPANG 4 BNO,85,101,186
SELANGOR,PPD SABAK BERNAM,BBA6019,SK PARIT BAHARU,160,139,299
SELANGOR,PPD SABAK BERNAM,BBA6020,SK SUNGAI TENGAR,97,77,174
SELANGOR,PPD SABAK BERNAM,BBA6021,SK SERI MAWAR,123,111,234
SELANGOR,PPD SABAK BERNAM,BBA6022,SK TEBOK JAWA,69,70,139
SELANGOR,PPD SABAK BERNAM,BBA6023,SK SAPINTAS,94,99,193
SELANGOR,PPD SABAK BERNAM,BBA6024,SK KAMPONG BANTING,96,79,175
SELANGOR,PPD SABAK BERNAM,BBA6025,SK TANJONG JAWA,9,9,18
SELANGOR,PPD SABAK BERNAM,BBA6026,SK TELUK RU,59,61,120
SELANGOR,PPD SABAK BERNAM,BBA6027,SK SERI CEMPAKA,58,61,119
SELANGOR,PPD SABAK BERNAM,BBA6028,SK SG LEMAN,234,185,419
SELANGOR,PPD SABAK BERNAM,BBA6029,SK PARIT 9,157,118,275
SELANGOR,PPD SABAK BERNAM,BBA6030,SK PASIR PANJANG,198,236,434
SELANGOR,PPD SABAK BERNAM,BBA6031,SK SUNGAI NIBONG,152,138,290
SELANGOR,PPD SABAK BERNAM,BBA6032,SK BINJAI JAYA,245,237,482
SELANGOR,PPD SABAK BERNAM,BBB6028,SK KHIR JOHARI,148,125,273
SELANGOR,PPD SABAK BERNAM,BBB6029,SK SERI UTAMA,316,263,579
SELANGOR,PPD SABAK BERNAM,BBB6030,SK SERI SEKINCHAN,239,221,460
SELANGOR,PPD SABAK BERNAM,BBC6030,SJK(C) CHEONG HUA,91,94,185
SELANGOR,PPD SABAK BERNAM,BBC6031,SJK(C) HAI PING,54,56,110
SELANGOR,PPD SABAK BERNAM,BBC6032,SJK(C) LUM HUA,161,139,300
SELANGOR,PPD SABAK BERNAM,BBC6033,SJK(C) MOON TECK,11,11,22
SELANGOR,PPD SABAK BERNAM,BBC6034,SJK(C) PHOOI TEE,52,39,91
SELANGOR,PPD SABAK BERNAM,BBC6035,SJK(C) POAY CHNEH,62,37,99
SELANGOR,PPD SABAK BERNAM,BBC6036,SJK(C) SIN MIN,422,415,837
SELANGOR,PPD SABAK BERNAM,BBC6037,SJK(C) PHOOI MIN,16,7,23
SELANGOR,PPD SABAK BERNAM,BBC6038,SJK(C) YOKE KUAN,479,518,997
SELANGOR,PPD SABAK BERNAM,BBC6039,SJK(C) KIAN SIT,45,44,89
SELANGOR,PPD SABAK BERNAM,BBD6039,SJK(T) LADANG SUNGAI BERNAM,19,18,37
SELANGOR,PPD SABAK BERNAM,BBD6040,SJK(T) LADANG SABAK BERNAM,54,54,108
SELANGOR,PPD SABAK BERNAM,BEA6041,SMK UNGKU AZIZ,535,659,1194
SELANGOR,PPD SABAK BERNAM,BEA6042,SMK MUNSHI ABDULLAH,435,371,806
SELANGOR,PPD SABAK BERNAM,BEA6043,SMK SUNGAI BESAR,922,868,1790
SELANGOR,PPD SABAK BERNAM,BEA6044,SMK BAGAN TERAP,458,377,835
SELANGOR,PPD SABAK BERNAM,BEA6045,SMKA SIMPANG LIMA,262,423,685
SELANGOR,PPD SABAK BERNAM,BEA6601,SMK DATO MUSTAFFA,534,496,1030
SELANGOR,PPD SABAK BERNAM,BEB6044,SMK TUNKU ABDUL RAHMAN PUTRA,544,529,1073
SELANGOR,PPD SABAK BERNAM,BEB6046,SMK SERI BEDENA,484,486,970
SELANGOR,PPD SABAK BERNAM,BEB6047,SMK YOKE KUAN,778,725,1503
SELANGOR,PPD SABAK BERNAM,BFT6001,SAM PARIT BARU,122,323,445
SELANGOR,PPD SABAK BERNAM,BFT6002,SAM BAGAN TERAP,187,206,393
SELANGOR,PPD SABAK BERNAM,BFT6003,SAM SUNGAI HAJI DORANI,214,224,438
SELANGOR,PPD SABAK BERNAM,BFT6004,SAM PASIR PANJANG,191,263,454
SELANGOR,PPD SABAK BERNAM,BFT6005,SAM MUHAMMADIAH,352,465,817
SELANGOR,PPD SABAK BERNAM,BFT6006,SAM TENGKU AMPUAN JEMAAH,132,340,472
SELANGOR,PPD SABAK BERNAM,BFT6007,SAMT SULTAN SALAHUDDIN ABD AZIZ SHAH,370,566,936
SELANGOR,PPD SABAK BERNAM,BRA6001,SBPI SABAK BERNAM,239,266,505
SELANGOR,PPD SEPANG,BBA9201,SK SUNGAI RAWANG,321,358,679
SELANGOR,PPD SEPANG,BBA9202,SK BKT BANGKONG,113,99,212
SELANGOR,PPD SEPANG,BBA9203,SK SG PELEK,133,120,253
SELANGOR,PPD SEPANG,BBA9204,SK SALAK,431,413,844
SELANGOR,PPD SEPANG,BBA9205,SK KG BAHARU LANJUT,315,243,558
SELANGOR,PPD SEPANG,BBA9208,SK JENDERAM,111,122,233
SELANGOR,PPD SEPANG,BBA9209,SK JENDERAM HILIR,175,174,349
SELANGOR,PPD SEPANG,BBA9210,SK DENGKIL,547,496,1043
SELANGOR,PPD SEPANG,BBA9211,SK SG MERAB LUAR,401,346,747
SELANGOR,PPD SEPANG,BBA9212,SK DESA PUTRA,291,271,562
SELANGOR,PPD SEPANG,BBA9213,SK DATO' ABU BAKAR BAGINDA,321,305,626
SELANGOR,PPD SEPANG,BBA9214,SK PULAU MERANTI,314,309,623
SELANGOR,PPD SEPANG,BBA9215,SK SG MELUT (ASLI),43,34,77
SELANGOR,PPD SEPANG,BBA9216,SK BKT TAMPOI (ASLI),102,106,208
SELANGOR,PPD SEPANG,BBA9217,SK BANDAR BARU SALAK TINGGI,474,458,932
SELANGOR,PPD SEPANG,BBA9220,SK TAMAN SEROJA,563,552,1115
SELANGOR,PPD SEPANG,BBA9221,SK TAMAN PANTAI SEPANG PUTRA,293,313,606
SELANGOR,PPD SEPANG,BBA9224,SK TAMAN PUTRA PERDANA,1043,919,1962
SELANGOR,PPD SEPANG,BBA9225,SK KOTA WARISAN,700,598,1298
SELANGOR,PPD SEPANG,BBA9226,SK CYBERJAYA,701,646,1347
SELANGOR,PPD SEPANG,BBA9227,SK KLIA,509,519,1028
SELANGOR,PPD SEPANG,BBA9228,SK TAMAN PUTRA PERDANA 2,904,837,1741
SELANGOR,PPD SEPANG,BBA9229,SEKOLAH KEBANGSAAN DESA PINGGIRAN PUTRA,149,125,274
SELANGOR,PPD SEPANG,BBB9301,SK METHODIST (INTEG) (M),112,133,245
SELANGOR,PPD SEPANG,BBC9401,SJK(C) CHIO CHIAO,90,80,170
SELANGOR,PPD SEPANG,BBC9402,SJK(C) DENGKIL,335,279,614
SELANGOR,PPD SEPANG,BBC9403,SJK(C) SEPANG,105,87,192
SELANGOR,PPD SEPANG,BBC9404,SJK(C) SIN MING,952,957,1909
SELANGOR,PPD SEPANG,BBC9405,SJK(C) TCHE MIN,153,129,282
SELANGOR,PPD SEPANG,BBC9406,SJK(C) WAH LIAN,221,193,414
SELANGOR,PPD SEPANG,BBD9452,SJK(T) LADANG AMPAR TENANG,33,35,68
SELANGOR,PPD SEPANG,BBD9453,SJK(T) LADANG BUTE,17,12,29
SELANGOR,PPD SEPANG,BBD9454,SJK(T) BANDAR BARU SALAK TINGGI,150,147,297
SELANGOR,PPD SEPANG,BBD9455,SJK(T) DENGKIL,134,145,279
SELANGOR,PPD SEPANG,BBD9457,SJK(T) TAMAN PERMATA,84,91,175
SELANGOR,PPD SEPANG,BBD9458,SJK(T) SEPANG,110,146,256
SELANGOR,PPD SEPANG,BBD9460,SJK(T) TELUK MERBAU,194,193,387
SELANGOR,PPD SEPANG,BBD9461,SJK(T) LDG WEST COUNTRY 'BARAT',45,46,91
SELANGOR,PPD SEPANG,BEA9601,SMK SUNGAI RAWANG,275,293,568
SELANGOR,PPD SEPANG,BEA9602,SMK SERI SEPANG,1025,962,1987
SELANGOR,PPD SEPANG,BEA9604,SMK BANDAR BARU SALAK TINGGI,933,1013,1946
SELANGOR,PPD SEPANG,BEA9607,SMK SERI PUTERI (SMBP),0,867,867
SELANGOR,PPD SEPANG,BEA9609,SMK CYBERJAYA,448,444,892
SELANGOR,PPD SEPANG,BEA9610,SMK PANTAI SEPANG PUTRA,298,308,606
SELANGOR,PPD SEPANG,BEA9611,SMK PUTRA PERDANA,1195,1202,2397
SELANGOR,PPD SEPANG,BEA9612,SMK DATO' ABU BAKAR BAGINDA,654,577,1231
SELANGOR,PPD SEPANG,BEB9651,SMK SUNGAI PELEK,810,806,1616
SELANGOR,PPD SEPANG,BEB9701,SMK DENGKIL,747,749,1496
SELANGOR,PPD SEPANG,BFT9001,SAM SUNGAI MERAB LUAR,254,296,550
SELANGOR,PPD SEPANG,BFT9002,SAM BANDAR BARU SALAK TINGGI,379,471,850
SELANGOR,PPD SEPANG,BHA9001,SM VOKASIONAL SEPANG,168,124,292
