Negeri,PPD,KodSekolah,NamaSekolah,CountOfKPUtama
SELANGOR,PPD GOMBAK,BBA7101,SK SELAYANG BARU (2),66
SELANGOR,PPD GOMBAK,BBA7102,SK (2) TAMAN SELAYANG,67
SELANGOR,PPD GOMBAK,BBA7103,SK (2) TAMAN KERAMAT,34
SELANGOR,PPD GOMBAK,BBA7201,SK HULU KELANG,47
SELANGOR,PPD GOMBAK,BBA7202,SK KLANG GATE,29
SELANGOR,PPD GOMBAK,BBA7203,SK GOMBAK SETIA,86
SELANGOR,PPD GOMBAK,BBA7204,SK GOMBAK UTARA,63
SELANGOR,PPD GOMBAK,BBA7205,SK SG TUA BAHARU,101
SELANGOR,PPD GOMBAK,BBA7206,SK KEPONG,35
SELANGOR,PPD GOMBAK,BBA7207,SK RAWANG,39
SELANGOR,PPD GOMBAK,BBA7208,SK KUANG,89
SELANGOR,PPD GOMBAK,BBA7209,SK SG SERAI,37
SELANGOR,PPD GOMBAK,BBA7210,SK SG PELONG,107
SELANGOR,PPD GOMBAK,BBA7211,SK TAMAN KERAMAT (1),41
SELANGOR,PPD GOMBAK,BBA7212,SK SG BULUH,105
SELANGOR,PPD GOMBAK,BBA7213,SK TAMAN EHSAN,59
SELANGOR,PPD GOMBAK,BBA7214,SK TAMAN MELAWATI,85
SELANGOR,PPD GOMBAK,BBA7215,SK (1) TAMAN SELAYANG,70
SELANGOR,PPD GOMBAK,BBA7216,SK TAMAN SERI GOMBAK,132
SELANGOR,PPD GOMBAK,BBA7217,SK LEMBAH KERAMAT,78
SELANGOR,PPD GOMBAK,BBA7219,SK SELAYANG JAYA,56
SELANGOR,PPD GOMBAK,BBA7220,SK BANDAR BARU SELAYANG,44
SELANGOR,PPD GOMBAK,BBA7221,SK TAMAN SELASIH,79
SELANGOR,PPD GOMBAK,BBA7222,SK TAMAN PERMATA,55
SELANGOR,PPD GOMBAK,BBA7224,SK TAMAN MELAWATI 2,124
SELANGOR,PPD GOMBAK,BBA7225,SK SELAYANG UTAMA,42
SELANGOR,PPD GOMBAK,BBA7226,SK SUNGAI KERTAS,52
SELANGOR,PPD GOMBAK,BBA7227,SK TAMAN SAMUDRA,45
SELANGOR,PPD GOMBAK,BBA7228,SK SUNGAI PUSU,78
SELANGOR,PPD GOMBAK,BBA7229,SK TAMAN SETIA,46
SELANGOR,PPD GOMBAK,BBA7230,SK TAMAN DESA,105
SELANGOR,PPD GOMBAK,BBA7231,SK BUKIT RAWANG JAYA,61
SELANGOR,PPD GOMBAK,BBA7232,SK TAMAN BUKIT INDAH,101
SELANGOR,PPD GOMBAK,BBA7233,SK BUKIT RAHMAN PUTRA,95
SELANGOR,PPD GOMBAK,BBA7234,SK SERI KUNDANG,100
SELANGOR,PPD GOMBAK,BBA7235,SK TAMAN SERI GOMBAK 2,120
SELANGOR,PPD GOMBAK,BBA7236,SK TAMAN DESA 2,103
SELANGOR,PPD GOMBAK,BBA7237,SK BANDAR BARU RAWANG,49
SELANGOR,PPD GOMBAK,BBA7238,SK BANDAR TASIK PUTERI,143
SELANGOR,PPD GOMBAK,BBA7239,SK DESA AMANPURI,36
SELANGOR,PPD GOMBAK,BBA7240,SK TAMAN PRIMA SELAYANG,37
SELANGOR,PPD GOMBAK,BBA7241,SK BANDAR BARU SELAYANG (2),41
SELANGOR,PPD GOMBAK,BBA7242,SK TASIK PUTERI 2,97
SELANGOR,PPD GOMBAK,BBA7243,SK TAMAN TUN TEJA,106
SELANGOR,PPD GOMBAK,BBA8207,SK MERBAU SEMPAK,92
SELANGOR,PPD GOMBAK,BBA8226,SK BANDAR BARU SUNGAI BULOH,105
SELANGOR,PPD GOMBAK,BBB7301,SK (1) GOMBAK,57
SELANGOR,PPD GOMBAK,BBB7302,SK (2) GOMBAK,50
SELANGOR,PPD GOMBAK,BBB7303,SK (1) KUALA AMPANG,18
SELANGOR,PPD GOMBAK,BBB7304,SK (2) KUALA AMPANG,20
SELANGOR,PPD GOMBAK,BBB7305,SK (1) SELAYANG BARU,75
SELANGOR,PPD GOMBAK,BBB7306,SK SINARAN BUDI,60
SELANGOR,PPD GOMBAK,BBB7307,SK BATU ARANG,33
SELANGOR,PPD GOMBAK,BBC7401,SJK(C) CHAP KHUAN,26
SELANGOR,PPD GOMBAK,BBC7402,SJK(C) KHEOW BIN,98
SELANGOR,PPD GOMBAK,BBC7403,SJK(C) KUANG,32
SELANGOR,PPD GOMBAK,BBC7404,SJK(C) KUNDANG,41
SELANGOR,PPD GOMBAK,BBC7405,SJK(C) SAN YUK,115
SELANGOR,PPD GOMBAK,BBC7406,SJK(C) SELAYANG BARU,63
SELANGOR,PPD GOMBAK,BBC7407,SJK(C) DESA JAYA,169
SELANGOR,PPD GOMBAK,BBC7408,SJKC KOTA EMERALD,34
SELANGOR,PPD GOMBAK,BBD7451,SJK(T) BATU CAVES,83
SELANGOR,PPD GOMBAK,BBD7452,SJK(T) BATU ARANG,24
SELANGOR,PPD GOMBAK,BBD7453,SJK(T) KUANG,17
SELANGOR,PPD GOMBAK,BBD7454,SJK(T) BUKIT DARAH,20
SELANGOR,PPD GOMBAK,BBD7455,SJK(T) RAWANG,66
SELANGOR,PPD GOMBAK,BBD7456,SJK(T) TAMAN MELAWATI,27
SELANGOR,PPD GOMBAK,BBD8457,SJK(T) SARASWATHY,41
SELANGOR,PPD GOMBAK,BEA4619,SMK BUKIT INDAH,84
SELANGOR,PPD GOMBAK,BEA7601,SMK GOMBAK SETIA,173
SELANGOR,PPD GOMBAK,BEA7602,SMK TAMAN SELAYANG,107
SELANGOR,PPD GOMBAK,BEA7603,SMK LEMBAH KERAMAT,91
SELANGOR,PPD GOMBAK,BEA7604,SMK TAMAN EHSAN,144
SELANGOR,PPD GOMBAK,BEA7605,SMK RAWANG,146
SELANGOR,PPD GOMBAK,BEA7606,SMK TAMAN KERAMAT,73
SELANGOR,PPD GOMBAK,BEA7607,SMK SERI GOMBAK,113
SELANGOR,PPD GOMBAK,BEA7608,SMK HILLCREST,111
SELANGOR,PPD GOMBAK,BEA7609,SMK IDEAL HEIGHTS,125
SELANGOR,PPD GOMBAK,BEA7610,SMK TAMAN MELAWATI,138
SELANGOR,PPD GOMBAK,BEA7612,SMK SERI SELAYANG,96
SELANGOR,PPD GOMBAK,BEA7613,SMK SUNGAI KERTAS,87
SELANGOR,PPD GOMBAK,BEA7614,SMK SERI KERAMAT,75
SELANGOR,PPD GOMBAK,BEA7615,SMK DARUL EHSAN,154
SELANGOR,PPD GOMBAK,BEA7616,SMK SUNGAI PUSU,119
SELANGOR,PPD GOMBAK,BEA7617,SMK TAMAN DESA,109
SELANGOR,PPD GOMBAK,BEA7618,SMK BANDAR TASIK PUTERI,134
SELANGOR,PPD GOMBAK,BEA7619,SMK BUKIT RAHMAN PUTRA,137
SELANGOR,PPD GOMBAK,BEA7620,SMK SERI KUNDANG,81
SELANGOR,PPD GOMBAK,BEA7621,SMK TAMAN DESA 2,116
SELANGOR,PPD GOMBAK,BEA7622,SMK SIERRAMAS,64
SELANGOR,PPD GOMBAK,BEA7623,SMK TUN PERAK,55
SELANGOR,PPD GOMBAK,BEA8605,SMK BUKIT GADING,131
SELANGOR,PPD GOMBAK,BEA8620,SMK BANDAR BARU SUNGAI BULOH,148
SELANGOR,PPD GOMBAK,BEB7651,SMK KEPONG,151
SELANGOR,PPD GOMBAK,BEB7652,SMK HULU KELANG,42
SELANGOR,PPD GOMBAK,BEB7653,SMK SELAYANG BHARU,130
SELANGOR,PPD GOMBAK,BEB7654,SMK SERI GARING,158
SELANGOR,PPD GOMBAK,BEB7655,SMK TUANKU ABDUL RAHMAN,49
SELANGOR,PPD GOMBAK,BFT7001,SAM RAWANG,51
SELANGOR,PPD GOMBAK,BFT8001,SAM PAYA JARAS,41
SELANGOR,PPD GOMBAK,BHA7001,KOLEJ VOKASIONAL GOMBAK ,77
SELANGOR,PPD GOMBAK,BHA8002,KOLEJ VOKASIONAL SUNGAI BULOH,123
SELANGOR,PPD GOMBAK,BRA7001,SBPI RAWANG,60
SELANGOR,PPD GOMBAK,BRA7002,SBPI GOMBAK,59
SELANGOR,PPD HULU LANGAT,BBA4001,SK SUNGAI SERAI,67
SELANGOR,PPD HULU LANGAT,BBA4002,SK JALAN ENAM,121
SELANGOR,PPD HULU LANGAT,BBA4003,SK AMPANG CAMPURAN,84
SELANGOR,PPD HULU LANGAT,BBA4004,SK SERI SEKAMAT,99
SELANGOR,PPD HULU LANGAT,BBA4005,SK BATU SEMBILAN,52
SELANGOR,PPD HULU LANGAT,BBA4006,SK TUN ABD AZIZ MAJID,73
SELANGOR,PPD HULU LANGAT,BBA4007,SK SG TEKALI,27
SELANGOR,PPD HULU LANGAT,BBA4008,SK KUALA POMSON,17
SELANGOR,PPD HULU LANGAT,BBA4009,SK DUSUN TUA,48
SELANGOR,PPD HULU LANGAT,BBA4010,SK LUBOK KELUBI,35
SELANGOR,PPD HULU LANGAT,BBA4011,SK SUNGAI LUI,29
SELANGOR,PPD HULU LANGAT,BBA4012,SK LEFTENAN ADNAN,69
SELANGOR,PPD HULU LANGAT,BBA4013,SK SUNGAI RAMAL DALAM,68
SELANGOR,PPD HULU LANGAT,BBA4014,SK TAMAN NIRWANA,98
SELANGOR,PPD HULU LANGAT,BBA4015,SK KAJANG,49
SELANGOR,PPD HULU LANGAT,BBA4016,SK BERANANG,43
SELANGOR,PPD HULU LANGAT,BBA4017,SK KG KUALA PAJAM,17
SELANGOR,PPD HULU LANGAT,BBA4018,SK BANGI,54
SELANGOR,PPD HULU LANGAT,BBA4019,SEKOLAH KEBANGSAAN KG CHERAS BAHARU,48
SELANGOR,PPD HULU LANGAT,BBA4020,SK LEMBAH JAYA,78
SELANGOR,PPD HULU LANGAT,BBA4021,SK ULU SEMENYIH,49
SELANGOR,PPD HULU LANGAT,BBA4022,SK KG RINCING,29
SELANGOR,PPD HULU LANGAT,BBA4023,SK RINCHING HILIR,41
SELANGOR,PPD HULU LANGAT,BBA4024,SK AMPANG,81
SELANGOR,PPD HULU LANGAT,BBA4025,SK BANDAR BARU BANGI,93
SELANGOR,PPD HULU LANGAT,BBA4026,SK TAMAN TASIK,87
SELANGOR,PPD HULU LANGAT,BBA4027,SK SUNGAI KANTAN,72
SELANGOR,PPD HULU LANGAT,BBA4028,SK TAMAN MUDA,64
SELANGOR,PPD HULU LANGAT,BBA4029,SK TAMAN CUEPACS,60
SELANGOR,PPD HULU LANGAT,BBA4030,SK TAMAN KOSAS,91
SELANGOR,PPD HULU LANGAT,BBA4031,SK TAMING JAYA,133
SELANGOR,PPD HULU LANGAT,BBA4032,SK JALAN 3,115
SELANGOR,PPD HULU LANGAT,BBA4033,SK PANDAN INDAH,95
SELANGOR,PPD HULU LANGAT,BBA4034,SK BANDAR TUN HUSSEIN ONN,133
SELANGOR,PPD HULU LANGAT,BBA4035,SK PANDAN JAYA,44
SELANGOR,PPD HULU LANGAT,BBA4036,SK SAUJANA IMPIAN,68
SELANGOR,PPD HULU LANGAT,BBA4037,SK KAJANG UTAMA,91
SELANGOR,PPD HULU LANGAT,BBA4038,SK TAMAN RAKAN,97
SELANGOR,PPD HULU LANGAT,BBA4039,SK SRI JELOK,60
SELANGOR,PPD HULU LANGAT,BBA4040,SK CHERAS INDAH,51
SELANGOR,PPD HULU LANGAT,BBA4041,SK BUKIT RAYA,54
SELANGOR,PPD HULU LANGAT,BBA4042,SK TASEK PERMAI,38
SELANGOR,PPD HULU LANGAT,BBA4043,SK DESA BAIDURI,91
SELANGOR,PPD HULU LANGAT,BBA4044,SK TAMAN JASMIN,103
SELANGOR,PPD HULU LANGAT,BBA4045,SK JALAN EMPAT,120
SELANGOR,PPD HULU LANGAT,BBA4046,SK KANTAN PERMAI,97
SELANGOR,PPD HULU LANGAT,BBA4047,SK SEKSYEN 7,149
SELANGOR,PPD HULU LANGAT,BBA4048,SK PANDAN PERDANA,30
SELANGOR,PPD HULU LANGAT,BBA4049,SK SAUJANA IMPIAN (2),70
SELANGOR,PPD HULU LANGAT,BBA4050,SK CHERAS JAYA,74
SELANGOR,PPD HULU LANGAT,BBA4051,SK BANDAR TASIK KESUMA,120
SELANGOR,PPD HULU LANGAT,BBA4052,SK BANDAR RINCHING,141
SELANGOR,PPD HULU LANGAT,BBA4053,SK BANDAR TEKNOLOGI,91
SELANGOR,PPD HULU LANGAT,BBA4054,SK DUSUN NANDING,43
SELANGOR,PPD HULU LANGAT,BBA4055,SK BANDAR TUN HUSSEIN ONN 2,125
SELANGOR,PPD HULU LANGAT,BBA4056,SK TAMAN BUKIT TERATAI,47
SELANGOR,PPD HULU LANGAT,BBA4057,SK TAMAN PUTERI,27
SELANGOR,PPD HULU LANGAT,BBA4058,SK BANDAR SERI PUTRA,146
SELANGOR,PPD HULU LANGAT,BBA4060,SEKOLAH KEBANGSAAN BANDAR BUKIT MAHKOTA,52
SELANGOR,PPD HULU LANGAT,BBB4028,SK CONVENT (M),54
SELANGOR,PPD HULU LANGAT,BBB4029,SK JALAN BUKIT SATU,19
SELANGOR,PPD HULU LANGAT,BBB4030,SK (2) JALAN BUKIT,20
SELANGOR,PPD HULU LANGAT,BBB4031,SK JALAN SEMENYIH '1'(INTEG),39
SELANGOR,PPD HULU LANGAT,BBB4032,SK JALAN SEMENYIH '2'(INTEG),45
SELANGOR,PPD HULU LANGAT,BBB4033,SK SEMENYIH,112
SELANGOR,PPD HULU LANGAT,BBC4034,SJK(C) BALAKONG,70
SELANGOR,PPD HULU LANGAT,BBC4035,SJK(C) BATU 9 CHERAS,100
SELANGOR,PPD HULU LANGAT,BBC4036,SJK(C) BATU 11,133
SELANGOR,PPD HULU LANGAT,BBC4037,SJK(C) CHOON HWA,12
SELANGOR,PPD HULU LANGAT,BBC4039,SJK(C) KG BARU SEMENYIH,40
SELANGOR,PPD HULU LANGAT,BBC4040,SJK(C) SIN MING,65
SELANGOR,PPD HULU LANGAT,BBC4041,SJK(C) SUNGAI CHUA,75
SELANGOR,PPD HULU LANGAT,BBC4042,SJK(C) TON FAH,12
SELANGOR,PPD HULU LANGAT,BBC4043,SJK(C) BATU 14,25
SELANGOR,PPD HULU LANGAT,BBC4044,SJK(C) YOKE MIN,14
SELANGOR,PPD HULU LANGAT,BBC4045,SJK(C) YU HUA,108
SELANGOR,PPD HULU LANGAT,BBC4046,SJK(C) KG BARU AMPANG,73
SELANGOR,PPD HULU LANGAT,BBC4047,SJK(C) ON PONG,85
SELANGOR,PPD HULU LANGAT,BBC4048,SJK(C) CONNAUGHT (2),113
SELANGOR,PPD HULU LANGAT,BBC4049,SJK(C) ON PONG 2,101
SELANGOR,PPD HULU LANGAT,BBD4051,SJK(T) BANGI,14
SELANGOR,PPD HULU LANGAT,BBD4053,SJK(T) LDG DOMINION,10
SELANGOR,PPD HULU LANGAT,BBD4055,SJK(T) KAJANG,68
SELANGOR,PPD HULU LANGAT,BBD4057,SJK(T) LDG RINCHING,36
SELANGOR,PPD HULU LANGAT,BBD4060,SJK(T) LADANG SEMENYIH,30
SELANGOR,PPD HULU LANGAT,BBD4063,SJK(T) LDG WEST COUNTRY 'TIMUR',28
SELANGOR,PPD HULU LANGAT,BBD4064,SJK(T) AMPANG,35
SELANGOR,PPD HULU LANGAT,BEA4601,SMK TAMAN TASIK,153
SELANGOR,PPD HULU LANGAT,BEA4603,SMK BANDAR BARU BANGI,119
SELANGOR,PPD HULU LANGAT,BEA4604,SMK SULTAN ABDUL AZIZ SHAH (INTEG),163
SELANGOR,PPD HULU LANGAT,BEA4605,SMK KHIR JOHARI,59
SELANGOR,PPD HULU LANGAT,BEA4606,SMK ABDUL JALIL,150
SELANGOR,PPD HULU LANGAT,BEA4608,SMK ENGKU HUSAIN,168
SELANGOR,PPD HULU LANGAT,BEA4609,SMK TAMAN KOSAS,137
SELANGOR,PPD HULU LANGAT,BEA4610,SMK TAMAN SERAYA,106
SELANGOR,PPD HULU LANGAT,BEA4611,SMK PERIMBUN,147
SELANGOR,PPD HULU LANGAT,BEA4612,SMK TASEK PERMAI,63
SELANGOR,PPD HULU LANGAT,BEA4613,SMK JALAN REKO,135
SELANGOR,PPD HULU LANGAT,BEA4614,SMK JALAN TIGA,130
SELANGOR,PPD HULU LANGAT,BEA4615,SMK PANDAN JAYA,134
SELANGOR,PPD HULU LANGAT,BEA4616,SMK PANDAN INDAH,130
SELANGOR,PPD HULU LANGAT,BEA4617,SMK CHERAS PERDANA,107
SELANGOR,PPD HULU LANGAT,BEA4618,SMK DATO' AHMAD RAZALI,72
SELANGOR,PPD HULU LANGAT,BEA4620,SMK CHERAS JAYA,147
SELANGOR,PPD HULU LANGAT,BEA4621,SMK SAUJANA IMPIAN,164
SELANGOR,PPD HULU LANGAT,BEA4622,SMK BANDAR BARU AMPANG,82
SELANGOR,PPD HULU LANGAT,BEA4623,SMK BANDAR BARU SUNGAI LONG,183
SELANGOR,PPD HULU LANGAT,BEA4624,SMK JALAN EMPAT,91
SELANGOR,PPD HULU LANGAT,BEA4625,SMK KAJANG UTAMA,98
SELANGOR,PPD HULU LANGAT,BEA4626,SMK TAMAN JASMIN 2,151
SELANGOR,PPD HULU LANGAT,BEA4627,SMK DUSUN NANDING,126
SELANGOR,PPD HULU LANGAT,BEA4628,SMK BANDAR TASIK KESUMA,126
SELANGOR,PPD HULU LANGAT,BEA4629,SMK BANDAR DAMAI PERDANA,139
SELANGOR,PPD HULU LANGAT,BEA4630,SMK BANDAR TUN HUSSEIN ONN 2,158
SELANGOR,PPD HULU LANGAT,BEA4631,SMK PANDAN MEWAH,115
SELANGOR,PPD HULU LANGAT,BEA4632,SMK BANDAR RINCHING,148
SELANGOR,PPD HULU LANGAT,BEA4633,SMK BANDAR SERI PUTRA,125
SELANGOR,PPD HULU LANGAT,BEA4634,SMK DESA SERDANG,47
SELANGOR,PPD HULU LANGAT,BEB4068,SMK  CONVENT (M),63
SELANGOR,PPD HULU LANGAT,BEB4069,SMK TINGGI KAJANG,131
SELANGOR,PPD HULU LANGAT,BEB4070,SMJK YU HUA,181
SELANGOR,PPD HULU LANGAT,BEB4071,SMK JALAN BUKIT,125
SELANGOR,PPD HULU LANGAT,BFT4001,SAM HULU LANGAT,58
SELANGOR,PPD HULU LANGAT,BKA4001,KOLEJ VOKASIONAL KAJANG,98
SELANGOR,PPD HULU LANGAT,BRA4001,SMKA MAAHAD HAMIDIAH,75
SELANGOR,PPD HULU LANGAT,BRA4003,SMA PERSEKUTUAN (SMBP),70
SELANGOR,PPD HULU SELANGOR,BBA5002,SK BATANG KALI,60
SELANGOR,PPD HULU SELANGOR,BBA5003,SK RASA,41
SELANGOR,PPD HULU SELANGOR,BBA5004,SK SG CHOH,36
SELANGOR,PPD HULU SELANGOR,BBA5005,SK SG SELISEK,18
SELANGOR,PPD HULU SELANGOR,BBA5006,SK ULU YAM BHARU,54
SELANGOR,PPD HULU SELANGOR,BBA5007,SK ULU YAM LAMA,17
SELANGOR,PPD HULU SELANGOR,BBA5008,SK HULU BERNAM,51
SELANGOR,PPD HULU SELANGOR,BBA5009,SK KUALA KUBU BHARU,40
SELANGOR,PPD HULU SELANGOR,BBA5010,SK KERLING,22
SELANGOR,PPD HULU SELANGOR,BBA5011,SK KALUMPANG,47
SELANGOR,PPD HULU SELANGOR,BBA5012,SK KG KUANTAN,20
SELANGOR,PPD HULU SELANGOR,BBA5013,SK GEDANGSA,32
SELANGOR,PPD HULU SELANGOR,BBA5014,SK SUNGAI BUAYA,32
SELANGOR,PPD HULU SELANGOR,BBA5015,SK KAMPUNG SOEHARTO,36
SELANGOR,PPD HULU SELANGOR,BBA5016,SK TUN ABDUL RAZAK,21
SELANGOR,PPD HULU SELANGOR,BBA5018,SK GESIR TENGAH,19
SELANGOR,PPD HULU SELANGOR,BBA5020,SK SG TENGI,35
SELANGOR,PPD HULU SELANGOR,BBA5021,SK SRI KELEDANG,20
SELANGOR,PPD HULU SELANGOR,BBA5022,SK SERENDAH,93
SELANGOR,PPD HULU SELANGOR,BBA5023,SK BUKIT BERUNTUNG,93
SELANGOR,PPD HULU SELANGOR,BBA5024,SK AMPANG PECAH,49
SELANGOR,PPD HULU SELANGOR,BBA5025,SK BANDAR BARU BATANG KALI,98
SELANGOR,PPD HULU SELANGOR,BBA5026,SK BANDAR SUNGAI BUAYA,77
SELANGOR,PPD HULU SELANGOR,BBA5027,SK SERI FAJAR,17
SELANGOR,PPD HULU SELANGOR,BBA5028,SK TAMAN BUNGA RAYA (1),106
SELANGOR,PPD HULU SELANGOR,BBA5029,SK LEMBAH BERINGIN,19
SELANGOR,PPD HULU SELANGOR,BBA5030,SK BUKIT SENTOSA,126
SELANGOR,PPD HULU SELANGOR,BBA5031,SK ANTARA GAPI,42
SELANGOR,PPD HULU SELANGOR,BBA5032,SK BUKIT BERUNTUNG 2,79
SELANGOR,PPD HULU SELANGOR,BBA5033,SK TAMAN BUNGA RAYA 2,84
SELANGOR,PPD HULU SELANGOR,BBB5021,SK KUALA KUBU BARU SATU,32
SELANGOR,PPD HULU SELANGOR,BBB5023,SK KUALA KUBU BHARU DUA,29
SELANGOR,PPD HULU SELANGOR,BBC5023,SJK(C) BATANG KALI,28
SELANGOR,PPD HULU SELANGOR,BBC5024,SJK(C) BKT TANGGA,23
SELANGOR,PPD HULU SELANGOR,BBC5027,SJK(C) CHOONG CHEE,15
SELANGOR,PPD HULU SELANGOR,BBC5028,SJK(C) BUKIT FRASER,3
SELANGOR,PPD HULU SELANGOR,BBC5029,SJK(C) KALUMPANG,20
SELANGOR,PPD HULU SELANGOR,BBC5030,SJK(C) KAMPUNG GURNEY,22
SELANGOR,PPD HULU SELANGOR,BBC5031,SJK(C) KERLING,13
SELANGOR,PPD HULU SELANGOR,BBC5032,SJK(C) KHING MING,27
SELANGOR,PPD HULU SELANGOR,BBC5035,SJK(C) RASA,24
SELANGOR,PPD HULU SELANGOR,BBC5037,SJK(C) SERENDAH,32
SELANGOR,PPD HULU SELANGOR,BBD5041,SJK(T) LADANG BATANG KALI,22
SELANGOR,PPD HULU SELANGOR,BBD5043,SJK(T) LDG CHANGKAT ASA,10
SELANGOR,PPD HULU SELANGOR,BBD5044,SJK(T) LDG ESCOT,10
SELANGOR,PPD HULU SELANGOR,BBD5045,SJK(T) KUALA KUBU BHARU,28
SELANGOR,PPD HULU SELANGOR,BBD5047,SJK(T) LADANG KERLING,12
SELANGOR,PPD HULU SELANGOR,BBD5048,SJK(T) LADANG KALUMPANG,11
SELANGOR,PPD HULU SELANGOR,BBD5051,SJK(T) LDG LIMA BELAS,7
SELANGOR,PPD HULU SELANGOR,BBD5058,SJK(T) LDG SG CHOH,30
SELANGOR,PPD HULU SELANGOR,BBD5059,SJK(T) BUKIT BERUNTUNG,25
SELANGOR,PPD HULU SELANGOR,BEA5061,SMK KUALA KUBU BHARU,100
SELANGOR,PPD HULU SELANGOR,BEA5062,SMK KAMPONG SOEHARTO,48
SELANGOR,PPD HULU SELANGOR,BEA5063,SMK SUNGAI CHOH,69
SELANGOR,PPD HULU SELANGOR,BEA5064,SMK KALUMPANG,48
SELANGOR,PPD HULU SELANGOR,BEA5065,SMK GEDANGSA,36
SELANGOR,PPD HULU SELANGOR,BEA5066,SMK BUKIT SENTOSA,131
SELANGOR,PPD HULU SELANGOR,BEA5067,SM SAINS HULU SELANGOR,66
SELANGOR,PPD HULU SELANGOR,BEA5068,SMK AMPANG PECAH,75
SELANGOR,PPD HULU SELANGOR,BEA5069,SMK BANDAR BARU BATANG KALI,112
SELANGOR,PPD HULU SELANGOR,BEA5070,SMK BANDAR SUNGAI BUAYA,70
SELANGOR,PPD HULU SELANGOR,BEA5071,SMK TAMAN BUNGA RAYA (1),127
SELANGOR,PPD HULU SELANGOR,BEA5072,SMK SERENDAH,116
SELANGOR,PPD HULU SELANGOR,BEA5073,SMK BUKIT SENTOSA 2,107
SELANGOR,PPD HULU SELANGOR,BEB5065,SMK SYED MASHOR,118
SELANGOR,PPD HULU SELANGOR,BEB5066,SMK DATO' HJ KAMARUDDIN,56
SELANGOR,PPD HULU SELANGOR,BFT5001,SAM SUNGAI SELISEK,27
SELANGOR,PPD HULU SELANGOR,BFT5002,SAMT KUALA KUBU BHARU,62
SELANGOR,PPD KLANG,BBA0001,SK KLANG,55
SELANGOR,PPD KLANG,BBA0002,SK TELOK GADONG,107
SELANGOR,PPD KLANG,BBA0003,SK PELABUHAN KELANG,57
SELANGOR,PPD KLANG,BBA0004,SK TELOK MENEGON,79
SELANGOR,PPD KLANG,BBA0005,SK BUKIT NAGA,94
SELANGOR,PPD KLANG,BBA0006,SK JALAN KEBUN,104
SELANGOR,PPD KLANG,BBA0007,SK BATU BELAH,86
SELANGOR,PPD KLANG,BBA0008,SK RANTAU PANJANG,175
SELANGOR,PPD KLANG,BBA0009,SK SEMENTA,109
SELANGOR,PPD KLANG,BBA0010,SK KAPAR,59
SELANGOR,PPD KLANG,BBA0011,SK BUKIT KAPAR,110
SELANGOR,PPD KLANG,BBA0012,SK SUNGAI BINJAI,184
SELANGOR,PPD KLANG,BBA0013,SK PULAU INDAH,83
SELANGOR,PPD KLANG,BBA0014,SK TOK MUDA,41
SELANGOR,PPD KLANG,BBA0015,SK BUKIT KUDA,29
SELANGOR,PPD KLANG,BBA0016,SK KG RAJA UDA,50
SELANGOR,PPD KLANG,BBA0017,SK PANDAMARAN JAYA,68
SELANGOR,PPD KLANG,BBA0018,SK KG JOHAN SETIA,77
SELANGOR,PPD KLANG,BBA0019,SK SUNGAI SERDANG,42
SELANGOR,PPD KLANG,BBA0021,SK KG PENDAMAR,54
SELANGOR,PPD KLANG,BBA0022,SK TELOK GONG,75
SELANGOR,PPD KLANG,BBA0023,SK TAMAN KLANG JAYA,93
SELANGOR,PPD KLANG,BBA0025,SK TELOK PULAI,79
SELANGOR,PPD KLANG,BBA0026,SK SUNGAI UDANG,113
SELANGOR,PPD KLANG,BBA0028,SK PELABUHAN  UTARA,97
SELANGOR,PPD KLANG,BBA0029,SK ABDUL SAMAT,67
SELANGOR,PPD KLANG,BBA0030,SK MERU,104
SELANGOR,PPD KLANG,BBA0031,SK KAMPUNG IDAMAN,86
SELANGOR,PPD KLANG,BBA0032,SK TAMAN KLANG UTAMA,80
SELANGOR,PPD KLANG,BBA0033,SK KAMPUNG JAWA,69
SELANGOR,PPD KLANG,BBA0034,SK TAMAN SRI ANDALAS,116
SELANGOR,PPD KLANG,BBA0035,SK TAMAN GEMBIRA,32
SELANGOR,PPD KLANG,BBA0036,SK BUKIT TINGGI,69
SELANGOR,PPD KLANG,BBA0037,SK BUKIT KEMUNING 2,77
SELANGOR,PPD KLANG,BBA0038,SK MERU (2),89
SELANGOR,PPD KLANG,BBA0039,SK SUNGAI KAPAR INDAH,66
SELANGOR,PPD KLANG,BBA0040,SK BUKIT KEMUNING,54
SELANGOR,PPD KLANG,BBA0041,SK KAMPUNG JAWA 2,76
SELANGOR,PPD KLANG,BBA0042,SK PULAU INDAH (2),43
SELANGOR,PPD KLANG,BBA0043,SK BUKIT RIMAU,109
SELANGOR,PPD KLANG,BBA0044,SK BATU UNJUR,105
SELANGOR,PPD KLANG,BBA3030,SK BUKIT CERAKA,27
SELANGOR,PPD KLANG,BBB0024,SK METHODIST ACS,51
SELANGOR,PPD KLANG,BBB0025,SK (1) JALAN BATU TIGA,32
SELANGOR,PPD KLANG,BBB0026,SK (2) JALAN BATU TIGA,21
SELANGOR,PPD KLANG,BBB0027,SK CONVENT (1) (M),29
SELANGOR,PPD KLANG,BBB0028,SK CONVENT (2) (M),28
SELANGOR,PPD KLANG,BBB0029,SK LA SALLE,29
SELANGOR,PPD KLANG,BBB0030,SK (1) JALAN MERU,33
SELANGOR,PPD KLANG,BBB0031,SK (2) JALAN MERU,30
SELANGOR,PPD KLANG,BBB0032,SK METHODIST (M),56
SELANGOR,PPD KLANG,BBB0033,SK PEREMPUAN METHODIST,52
SELANGOR,PPD KLANG,BBB0034,SK TENGKU BENDAHARA AZMAN (1),42
SELANGOR,PPD KLANG,BBB0035,SK TENGKU BENDAHARA AZMAN (2),30
SELANGOR,PPD KLANG,BBB0036,SK PEREMPUAN BUKIT KUDA,41
SELANGOR,PPD KLANG,BBB0037,SK (1) SIMPANG LIMA,42
SELANGOR,PPD KLANG,BBB0038,SK (2) SIMPANG LIMA,35
SELANGOR,PPD KLANG,BBB0039,SK ST ANNE'S CONVENT,32
SELANGOR,PPD KLANG,BBC0040,SJK(C) PEREMPUAN,91
SELANGOR,PPD KLANG,BBC0041,SJK(C) CHUEN MIN,38
SELANGOR,PPD KLANG,BBC0042,SJK(C) CHUNG HUA,93
SELANGOR,PPD KLANG,BBC0043,SJK(C) HIN HUA,107
SELANGOR,PPD KLANG,BBC0044,SJK(C) HWA LIEN,24
SELANGOR,PPD KLANG,BBC0045,SJK(C) KENG CHEE,15
SELANGOR,PPD KLANG,BBC0046,SJK(C) KHE BENG,65
SELANGOR,PPD KLANG,BBC0047,SJK(C) KONG HOE,60
SELANGOR,PPD KLANG,BBC0048,SJK(C) LEE MIN,16
SELANGOR,PPD KLANG,BBC0049,SJK(C) PANDAMARAN 'A',64
SELANGOR,PPD KLANG,BBC0050,SJK(C) PANDAMARAN 'B',114
SELANGOR,PPD KLANG,BBC0051,SJK(C) PIN HWA (1),82
SELANGOR,PPD KLANG,BBC0052,SJK(C) PUI YING,82
SELANGOR,PPD KLANG,BBC0053,SJK(C) SIN BIN,15
SELANGOR,PPD KLANG,BBC0054,SJK(C) SOO JIN,58
SELANGOR,PPD KLANG,BBC0055,SJK(C) TIONG HUA KOK BIN,23
SELANGOR,PPD KLANG,BBC0056,SJK(C) TSHING NIAN,68
SELANGOR,PPD KLANG,BBC0057,SJK(C) WU TECK,22
SELANGOR,PPD KLANG,BBC0058,SJK(C) YING WAH,26
SELANGOR,PPD KLANG,BBC0059,SJK(C) PIN HWA (2),48
SELANGOR,PPD KLANG,BBC0060,SJK(C) TAMAN RASHNA,104
SELANGOR,PPD KLANG,BBD0060,SJK(T) LADANG BATU AMPAT,52
SELANGOR,PPD KLANG,BBD0061,SJK(T) LADANG BRAFFERTON,10
SELANGOR,PPD KLANG,BBD0062,SJK(T) LADANG BUKIT RAJAH,12
SELANGOR,PPD KLANG,BBD0072,SJK(T) LADANG EMERALD,41
SELANGOR,PPD KLANG,BBD0074,SJK(T) LADANG HIGHLANDS,50
SELANGOR,PPD KLANG,BBD0075,SJK(T) LADANG JALAN ACOB,19
SELANGOR,PPD KLANG,BBD0076,SJK(T) JALAN TEPI SUNGAI,16
SELANGOR,PPD KLANG,BBD0077,SJK(T) PERSIARAN RAJA MUDA MUSA,58
SELANGOR,PPD KLANG,BBD0078,SJK(T) JALAN MERU,45
SELANGOR,PPD KLANG,BBD0079,SJK(T) METHODIST,53
SELANGOR,PPD KLANG,BBD0084,SJK(T) SIMPANG LIMA,105
SELANGOR,PPD KLANG,BBD0092,SJK(T) LDG VALLAMBROSA,37
SELANGOR,PPD KLANG,BBD8464,SJK(T) LADANG NORTH HUMMOCK,23
SELANGOR,PPD KLANG,BEA0091,SMK RAJA MAHADI,129
SELANGOR,PPD KLANG,BEA0092,SMK RAJA LUMU,80
SELANGOR,PPD KLANG,BEA0093,SMK TENGKU AMPUAN RAHIMAH,122
SELANGOR,PPD KLANG,BEA0094,SMK TENGKU AMPUAN JEMAAH,126
SELANGOR,PPD KLANG,BEA0095,SMK TENGKU IDRIS SHAH,139
SELANGOR,PPD KLANG,BEA0096,SMK SULTAN ABDUL SAMAD,75
SELANGOR,PPD KLANG,BEA0097,SMK PULAU INDAH,74
SELANGOR,PPD KLANG,BEA0099,SMK SRI ISTANA,57
SELANGOR,PPD KLANG,BEA0100,SMK RANTAU PANJANG,162
SELANGOR,PPD KLANG,BEA0101,SMK (P) KAPAR,135
SELANGOR,PPD KLANG,BEA0102,SMK PENDAMARAN JAYA,104
SELANGOR,PPD KLANG,BEA0103,SMK TELOK GADONG,150
SELANGOR,PPD KLANG,BEA0104,SMK SRI ANDALAS,129
SELANGOR,PPD KLANG,BEA0105,SMK JALAN KEBUN,159
SELANGOR,PPD KLANG,BEA0106,SMK KAMPUNG JAWA,130
SELANGOR,PPD KLANG,BEA0107,SMK TAMAN  KLANG UTAMA,114
SELANGOR,PPD KLANG,BEA0108,SMK KOTA KEMUNING,149
SELANGOR,PPD KLANG,BEA0109,SMK BANDAR BARU SULTAN SULEIMAN,73
SELANGOR,PPD KLANG,BEA0110,SMK SUNGAI KAPAR INDAH,171
SELANGOR,PPD KLANG,BEA0111,SMK SHAHBANDARAYA,131
SELANGOR,PPD KLANG,BEA0112,SMK BATU UNJUR,137
SELANGOR,PPD KLANG,BEA0113,SEKOLAH MENENGAH KEBANGSAAN BUKIT TINGGI KLANG,28
SELANGOR,PPD KLANG,BEB0099,SMK METHODIST (ACS),103
SELANGOR,PPD KLANG,BEB0100,SMJK CHUNG HWA,75
SELANGOR,PPD KLANG,BEB0101,SMK CONVENT,75
SELANGOR,PPD KLANG,BEB0102,SMK TINGGI KLANG,134
SELANGOR,PPD KLANG,BEB0103,SMJK KWANG HUA,167
SELANGOR,PPD KLANG,BEB0104,SMK LA SALLE,69
SELANGOR,PPD KLANG,BEB0105,SMK (P) METHODIST,93
SELANGOR,PPD KLANG,BEB0106,SMK (P) BUKIT KUDA,85
SELANGOR,PPD KLANG,BEB0108,SMK DATO HAMZAH,101
SELANGOR,PPD KLANG,BEB0109,SMK (P) RAJA ZARINA,111
SELANGOR,PPD KLANG,BEB0110,SMK MERU,265
SELANGOR,PPD KLANG,BEB0111,SMK PULAU KETAM,28
SELANGOR,PPD KLANG,BFT0001,SAMT SULTAN HISAMUDDIN,76
SELANGOR,PPD KLANG,BFT0002,SAM HISAMUDDIN,54
SELANGOR,PPD KLANG,BFT0003,SAM NURUL IMAN,45
SELANGOR,PPD KLANG,BKE0001,KOLEJ VOKASIONAL KLANG,113
SELANGOR,PPD KLANG,BRA0001,KOLEJ ISLAM SULTAN ALAM SHAH (SMBP),83
SELANGOR,PPD KUALA LANGAT,BBA1002,SK SUNGAI BUAYA,44
SELANGOR,PPD KUALA LANGAT,BBA1003,SK BANDAR,31
SELANGOR,PPD KUALA LANGAT,BBA1004,SK SUNGAI MANGGIS,31
SELANGOR,PPD KUALA LANGAT,BBA1005,SK OLAK LEMPIT,65
SELANGOR,PPD KUALA LANGAT,BBA1006,SK LABOHAN DAGANG,44
SELANGOR,PPD KUALA LANGAT,BBA1007,SK BKT CHANGGANG,70
SELANGOR,PPD KUALA LANGAT,BBA1008,SK JENJAROM,71
SELANGOR,PPD KUALA LANGAT,BBA1009,SK TELOK PANGLIMA GARANG,81
SELANGOR,PPD KUALA LANGAT,BBA1010,SK KEBUN BAHARU,91
SELANGOR,PPD KUALA LANGAT,BBA1011,SK SIJANGKANG,84
SELANGOR,PPD KUALA LANGAT,BBA1012,SK SG  BUMBUN (A),17
SELANGOR,PPD KUALA LANGAT,BBA1013,SK SUNGAI JUDAH,18
SELANGOR,PPD KUALA LANGAT,BBA1014,SK BUKIT TADOM,15
SELANGOR,PPD KUALA LANGAT,BBA1015,SK SERI CHEDING,31
SELANGOR,PPD KUALA LANGAT,BBA1016,SK (ASLI) BKT CHEDING,21
SELANGOR,PPD KUALA LANGAT,BBA1023,SK TG SEPAT,43
SELANGOR,PPD KUALA LANGAT,BBA1024,SK BATU LAUT,40
SELANGOR,PPD KUALA LANGAT,BBA1025,SK KAMPONG ENDAH,28
SELANGOR,PPD KUALA LANGAT,BBA1026,SK MORIB,38
SELANGOR,PPD KUALA LANGAT,BBA1027,SK KANCHONG DARAT,69
SELANGOR,PPD KUALA LANGAT,BBA1028,SK SG LANG,33
SELANGOR,PPD KUALA LANGAT,BBA1029,SK SERI LANANG,33
SELANGOR,PPD KUALA LANGAT,BBA1030,SK PERMATANG PASIR,19
SELANGOR,PPD KUALA LANGAT,BBA1031,SK SG KELAMBU,28
SELANGOR,PPD KUALA LANGAT,BBA1032,SK KAMPUNG MEDAN,59
SELANGOR,PPD KUALA LANGAT,BBA1033,SK JALAN TANJUNG,53
SELANGOR,PPD KUALA LANGAT,BBA1034,SK KANCHONG TENGAH,20
SELANGOR,PPD KUALA LANGAT,BBA1035,SK SIJANGKANG JAYA,61
SELANGOR,PPD KUALA LANGAT,BBA1036,SK RTB BUKIT CHANGGANG,63
SELANGOR,PPD KUALA LANGAT,BBA1037,SK JUGRA,67
SELANGOR,PPD KUALA LANGAT,BBA1038,SK BANDAR BANTING,56
SELANGOR,PPD KUALA LANGAT,BBA1039,SK (ASLI) BUKIT KEMANDOL,25
SELANGOR,PPD KUALA LANGAT,BBA9207,SK KAMPONG BUSUT ASLI,12
SELANGOR,PPD KUALA LANGAT,BBB1031,SK METHODIST,32
SELANGOR,PPD KUALA LANGAT,BBB1032,SK SRI LANGAT (INTEG),87
SELANGOR,PPD KUALA LANGAT,BBC1035,SJK(C) CHOONG HUA,64
SELANGOR,PPD KUALA LANGAT,BBC1036,SJK(C) JENJAROM,79
SELANGOR,PPD KUALA LANGAT,BBC1037,SJK(C) KAH WAH,25
SELANGOR,PPD KUALA LANGAT,BBC1038,SJK(C) PENG MING,27
SELANGOR,PPD KUALA LANGAT,BBC1040,SJK(C) SIMPANG MORIB,17
SELANGOR,PPD KUALA LANGAT,BBC1041,SJK(C) TANJONG SEPAT,44
SELANGOR,PPD KUALA LANGAT,BBC1043,SJK(C) TIONG NAM,18
SELANGOR,PPD KUALA LANGAT,BBD1047,SJK(T) SG MANGGIS,19
SELANGOR,PPD KUALA LANGAT,BBD1053,SJK(T) LDG GADONG,15
SELANGOR,PPD KUALA LANGAT,BBD1054,SJK(T) LDG JUGRA,15
SELANGOR,PPD KUALA LANGAT,BBD1055,SJK(T) JENJAROM,18
SELANGOR,PPD KUALA LANGAT,BBD1058,SJK(T) SIMPANG MORIB,17
SELANGOR,PPD KUALA LANGAT,BBD1060,SJK(T) SUNGAI SEDU,12
SELANGOR,PPD KUALA LANGAT,BBD1061,SJK(T) SUNGAI BUAYA,11
SELANGOR,PPD KUALA LANGAT,BBD1062,SJK(T) TELOK PANGLIMA GARANG,38
SELANGOR,PPD KUALA LANGAT,BBD1063,SJK(T) PUSAT TELOK DATOK,38
SELANGOR,PPD KUALA LANGAT,BBD1065,SJK(T) LADANG TUMBUK,13
SELANGOR,PPD KUALA LANGAT,BBD1066,SJK(T) PULAU CAREY SELATAN,12
SELANGOR,PPD KUALA LANGAT,BBD1067,SJK(T) PULAU CAREY BARAT,11
SELANGOR,PPD KUALA LANGAT,BBD1068,SJK(T) PULAU CAREY TIMUR,12
SELANGOR,PPD KUALA LANGAT,BEA1064,SMK JENJAROM,109
SELANGOR,PPD KUALA LANGAT,BEA1065,SMK JUGRA,116
SELANGOR,PPD KUALA LANGAT,BEA1066,SMK TELOK DATOK,122
SELANGOR,PPD KUALA LANGAT,BEA1068,SMK BATU LAUT,57
SELANGOR,PPD KUALA LANGAT,BEA1069,SMK TELOK PANGLIMA GARANG,190
SELANGOR,PPD KUALA LANGAT,BEA1070,SMK BUKIT CHANGGANG,106
SELANGOR,PPD KUALA LANGAT,BEA1071,SMK BANTING,93
SELANGOR,PPD KUALA LANGAT,BEA1072,SMK SIJANGKANG JAYA,130
SELANGOR,PPD KUALA LANGAT,BEA1073,SMK BANDAR BANTING,111
SELANGOR,PPD KUALA LANGAT,BEA1074,SEKOLAH MENENGAH SAINS BANTING,68
SELANGOR,PPD KUALA LANGAT,BEB1069,SMK METHODIST,81
SELANGOR,PPD KUALA LANGAT,BEB1070,KOLEJ VOKASIONAL SULTAN ABDUL SAMAD ,38
SELANGOR,PPD KUALA LANGAT,BEB1072,SMK TANJUNG SEPAT,64
SELANGOR,PPD KUALA LANGAT,BEB1073,SMK SUNGAI MANGGIS,85
SELANGOR,PPD KUALA LANGAT,BEB1074,SMK PULAU CAREY,25
SELANGOR,PPD KUALA LANGAT,BFT1001,SAM UNWANUS SAADAH,57
SELANGOR,PPD KUALA LANGAT,BFT1002,SAMT TENGKU AMPUAN RAHIMAH,76
SELANGOR,PPD KUALA SELANGOR,BBA3001,SK ASSAM JAWA (INTEG),51
SELANGOR,PPD KUALA SELANGOR,BBA3002,SK BKT BADONG,60
SELANGOR,PPD KUALA SELANGOR,BBA3003,SK BKT KERAYONG,30
SELANGOR,PPD KUALA SELANGOR,BBA3004,SK DATO' MAHARAJA LELA,103
SELANGOR,PPD KUALA SELANGOR,BBA3005,SK TAMBAK JAWA,32
SELANGOR,PPD KUALA SELANGOR,BBA3006,SK JERAM,30
SELANGOR,PPD KUALA SELANGOR,BBA3007,SK JERAM BT 20,58
SELANGOR,PPD KUALA SELANGOR,BBA3008,SK JAYA SETIA,27
SELANGOR,PPD KUALA SELANGOR,BBA3009,SK PASANGAN,20
SELANGOR,PPD KUALA SELANGOR,BBA3010,SK RANTAU PANJANG,33
SELANGOR,PPD KUALA SELANGOR,BBA3011,SK IJOK,35
SELANGOR,PPD KUALA SELANGOR,BBA3012,SK TANJUNG KERAMAT,25
SELANGOR,PPD KUALA SELANGOR,BBA3013,SK BKT BELIMBING,24
SELANGOR,PPD KUALA SELANGOR,BBA3014,SK KUALA SELANGOR,34
SELANGOR,PPD KUALA SELANGOR,BBA3015,SK TANJONG KARANG,45
SELANGOR,PPD KUALA SELANGOR,BBA3016,SK SUNGAI BURONG,34
SELANGOR,PPD KUALA SELANGOR,BBA3017,SK SRI TIRAM,34
SELANGOR,PPD KUALA SELANGOR,BBA3018,SK DATO' MANAN (INTEG),47
SELANGOR,PPD KUALA SELANGOR,BBA3019,SK SERI GAMBUT,19
SELANGOR,PPD KUALA SELANGOR,BBA3020,SK SUNGAI SIREH,51
SELANGOR,PPD KUALA SELANGOR,BBA3021,SK PARIT EMPAT,30
SELANGOR,PPD KUALA SELANGOR,BBA3022,SK PARIT MAHANG,37
SELANGOR,PPD KUALA SELANGOR,BBA3024,SK JALAN RAJA MUSA,21
SELANGOR,PPD KUALA SELANGOR,BBA3025,SK SUNGAI TERAP,43
SELANGOR,PPD KUALA SELANGOR,BBA3026,SK PARIT SERONG,23
SELANGOR,PPD KUALA SELANGOR,BBA3028,SK SAWAH SEMPADAN,30
SELANGOR,PPD KUALA SELANGOR,BBA3029,SK BERJAYA,29
SELANGOR,PPD KUALA SELANGOR,BBA3031,SK BANDAR BARU,78
SELANGOR,PPD KUALA SELANGOR,BBA3032,SK BESTARI JAYA,41
SELANGOR,PPD KUALA SELANGOR,BBA3033,SK PUNCAK ALAM,67
SELANGOR,PPD KUALA SELANGOR,BBA3034,SK SAUJANA UTAMA IJOK,181
SELANGOR,PPD KUALA SELANGOR,BBA3035,SK PUNCAK ALAM 2,125
SELANGOR,PPD KUALA SELANGOR,BBA3036,SK SERI PRISTANA,83
SELANGOR,PPD KUALA SELANGOR,BBA3037,SK PUNCAK ALAM 3,65
SELANGOR,PPD KUALA SELANGOR,BBA3038,SK DESA AMAN,59
SELANGOR,PPD KUALA SELANGOR,BBB3030,SK SULTAN ABDUL AZIZ,29
SELANGOR,PPD KUALA SELANGOR,BBB3033,"SK BATU 9, JALAN BOMBA",66
SELANGOR,PPD KUALA SELANGOR,BBC3034,SJK(C) AIK THEE,27
SELANGOR,PPD KUALA SELANGOR,BBC3035,SJK(C) BAGAN PASIR,12
SELANGOR,PPD KUALA SELANGOR,BBC3036,SJK(C) CHUNG WAH,25
SELANGOR,PPD KUALA SELANGOR,BBC3037,SJK(C) IJOK,27
SELANGOR,PPD KUALA SELANGOR,BBC3038,SJK(C) KHAI TEE,25
SELANGOR,PPD KUALA SELANGOR,BBC3040,SJK(C) LIAT CHOON,23
SELANGOR,PPD KUALA SELANGOR,BBC3041,SJK(C) MING TEE,17
SELANGOR,PPD KUALA SELANGOR,BBC3042,SJK(C) PUI CHI,12
SELANGOR,PPD KUALA SELANGOR,BBC3043,SJK(C) PUI TEH,11
SELANGOR,PPD KUALA SELANGOR,BBC3044,SJK(C) TANJONG KARANG,32
SELANGOR,PPD KUALA SELANGOR,BBC3045,SJK(C) YIT KHWAN,15
SELANGOR,PPD KUALA SELANGOR,BBC3047,SJK(C) YUK CHIH,17
SELANGOR,PPD KUALA SELANGOR,BBD3048,SJK(T) BESTARI JAYA,39
SELANGOR,PPD KUALA SELANGOR,BBD3049,SJK(T) LDG BRAUNSTON,14
SELANGOR,PPD KUALA SELANGOR,BBD3051,SJK(T) LDG BUKIT CHERAKA,16
SELANGOR,PPD KUALA SELANGOR,BBD3052,SJK(T) LDG BKT IJOK,4
SELANGOR,PPD KUALA SELANGOR,BBD3055,SJK(T) LDG COALFIELDS,11
SELANGOR,PPD KUALA SELANGOR,BBD3056,SJK(T) GHANDIJI,12
SELANGOR,PPD KUALA SELANGOR,BBD3057,SJK(T) LDG HOPEFUL,11
SELANGOR,PPD KUALA SELANGOR,BBD3058,SJK(T) LDG KG BARU,9
SELANGOR,PPD KUALA SELANGOR,BBD3060,SJK(T) LADANG SUNGAI TERAP,11
SELANGOR,PPD KUALA SELANGOR,BBD3061,SJK(T) LDG KUALA SELANGOR,12
SELANGOR,PPD KUALA SELANGOR,BBD3064,SJK(T) LDG RAJA MUSA,11
SELANGOR,PPD KUALA SELANGOR,BBD3065,SJK(T) BUKIT ROTAN BARU,11
SELANGOR,PPD KUALA SELANGOR,BBD3066,SJK(T) LDG RIVERSIDE,11
SELANGOR,PPD KUALA SELANGOR,BBD3068,SJK(T) LDG SELANGOR RIVER,9
SELANGOR,PPD KUALA SELANGOR,BBD3069,SJK(T) LDG SG BULOH,11
SELANGOR,PPD KUALA SELANGOR,BBD3071,SJK(T) LDG SG RAMBAI,11
SELANGOR,PPD KUALA SELANGOR,BBD3072,SJK(T) LADANG TUAN MEE,12
SELANGOR,PPD KUALA SELANGOR,BBD3073,SJK(T) VAGEESAR,35
SELANGOR,PPD KUALA SELANGOR,BBD5052,SJK(T) LADANG MINYAK,3
SELANGOR,PPD KUALA SELANGOR,BBD5055,SJK(T) LDG NIGEL GARDNER,13
SELANGOR,PPD KUALA SELANGOR,BBD5061,SJK(T) LDG MARY,9
SELANGOR,PPD KUALA SELANGOR,BBD5062,SJK(T) LADANG SG TINGGI,15
SELANGOR,PPD KUALA SELANGOR,BEA3074,SMK SERI TANJUNG,118
SELANGOR,PPD KUALA SELANGOR,BEA3075,SMK DATO HARUN,113
SELANGOR,PPD KUALA SELANGOR,BEA3077,SMK RAJA MUDA MUSA,114
SELANGOR,PPD KUALA SELANGOR,BEA3078,SMK JERAM,88
SELANGOR,PPD KUALA SELANGOR,BEA3079,SMK SG. BURONG,54
SELANGOR,PPD KUALA SELANGOR,BEA3080,SMK TIRAM JAYA,57
SELANGOR,PPD KUALA SELANGOR,BEA3081,SMK RANTAU PANJANG,30
SELANGOR,PPD KUALA SELANGOR,BEA3082,SMK PENGKALAN PERMATANG,82
SELANGOR,PPD KUALA SELANGOR,BEA3083,SM SAINS KUALA SELANGOR,66
SELANGOR,PPD KUALA SELANGOR,BEA3084,SMK SAUJANA UTAMA,169
SELANGOR,PPD KUALA SELANGOR,BEA3085,SMK PUNCAK ALAM,157
SELANGOR,PPD KUALA SELANGOR,BEA3086,SMK KUALA SELANGOR,44
SELANGOR,PPD KUALA SELANGOR,BEA3087,SMK BUKIT KUCHING TENGAH,66
SELANGOR,PPD KUALA SELANGOR,BEA3088,SEKOLAH MENENGAH KEBANGSAAN PUNCAK ALAM 3,34
SELANGOR,PPD KUALA SELANGOR,BEB3078,SMK SULTAN ABDUL AZIZ,102
SELANGOR,PPD KUALA SELANGOR,BEB3079,SMK SULTAN SULAIMAN SHAH,67
SELANGOR,PPD KUALA SELANGOR,BEB3080,SMK SERI DESA,83
SELANGOR,PPD KUALA SELANGOR,BFT3001,SAM JERAM,55
SELANGOR,PPD KUALA SELANGOR,BFT3002,SAM TANJONG KARANG,60
SELANGOR,PPD KUALA SELANGOR,BHA3001,SM VOKASIONAL KUALA SELANGOR,66
SELANGOR,PPD KUALA SELANGOR,BRA3001,SMKA KUALA SELANGOR,57
SELANGOR,PPD PETALING PERDANA,BBA0024,SK TAMAN SRI MUDA,59
SELANGOR,PPD PETALING PERDANA,BBA8104,SK SS 19 SUBANG JAYA,37
SELANGOR,PPD PETALING PERDANA,BBA8105,SK SEKSYEN 24,88
SELANGOR,PPD PETALING PERDANA,BBA8202,SK SUBANG,134
SELANGOR,PPD PETALING PERDANA,BBA8203,SK PADANG JAWA,76
SELANGOR,PPD PETALING PERDANA,BBA8204,SK PUCHONG,56
SELANGOR,PPD PETALING PERDANA,BBA8205,SK SERDANG,71
SELANGOR,PPD PETALING PERDANA,BBA8212,SK SUBANG JAYA,59
SELANGOR,PPD PETALING PERDANA,BBA8213,SK RAJA MUDA (INTEG),101
SELANGOR,PPD PETALING PERDANA,BBA8216,SK SEKSYEN ENAM,51
SELANGOR,PPD PETALING PERDANA,BBA8217,SK SRI SUBANG JAYA,33
SELANGOR,PPD PETALING PERDANA,BBA8218,SK SRI SERDANG,75
SELANGOR,PPD PETALING PERDANA,BBA8219,SK SEKSYEN 17 SHAH ALAM,69
SELANGOR,PPD PETALING PERDANA,BBA8222,SK SEKSYEN 19,84
SELANGOR,PPD PETALING PERDANA,BBA8223,SK HICOM,86
SELANGOR,PPD PETALING PERDANA,BBA8224,SK SEKSYEN 18,61
SELANGOR,PPD PETALING PERDANA,BBA8225,SK SEKSYEN 20,125
SELANGOR,PPD PETALING PERDANA,BBA8227,SK SEAFIELD,50
SELANGOR,PPD PETALING PERDANA,BBA8228,SK TAMAN UNIVERSITI,105
SELANGOR,PPD PETALING PERDANA,BBA8229,SK PUCHONG JAYA,35
SELANGOR,PPD PETALING PERDANA,BBA8230,SK TAMAN ALAM MEGAH,70
SELANGOR,PPD PETALING PERDANA,BBA8231,SK TAMAN SRI MUDA 2,62
SELANGOR,PPD PETALING PERDANA,BBA8232,SK PERDANA JAYA SS19,33
SELANGOR,PPD PETALING PERDANA,BBA8233,SK TUDM SUBANG,74
SELANGOR,PPD PETALING PERDANA,BBA8234,SK BANDAR SUNWAY,71
SELANGOR,PPD PETALING PERDANA,BBA8235,SK PUCHONG PERDANA,125
SELANGOR,PPD PETALING PERDANA,BBA8237,SK SERI SELANGOR,65
SELANGOR,PPD PETALING PERDANA,BBA8238,SK BANDAR ANGGERIK,57
SELANGOR,PPD PETALING PERDANA,BBA8239,SK BUKIT KUCHAI,41
SELANGOR,PPD PETALING PERDANA,BBA8240,SK TAMAN TUN DR ISMAIL JAYA,83
SELANGOR,PPD PETALING PERDANA,BBA8242,SK ALAM MEGAH DUA,52
SELANGOR,PPD PETALING PERDANA,BBA8243,SK SEAFIELD 3,58
SELANGOR,PPD PETALING PERDANA,BBA8245,SK PENDIDIKAN KHAS SELANGOR,42
SELANGOR,PPD PETALING PERDANA,BBA8246,"SK SEKSYEN 9, SHAH ALAM",74
SELANGOR,PPD PETALING PERDANA,BBA8247,SK USJ 2,53
SELANGOR,PPD PETALING PERDANA,BBA8249,SK PUCHONG UTAMA,126
SELANGOR,PPD PETALING PERDANA,BBA8251,SK USJ 20,57
SELANGOR,PPD PETALING PERDANA,BBA8252,SK USJ 12,66
SELANGOR,PPD PETALING PERDANA,BBA8254,SK PUCHONG UTAMA 2,108
SELANGOR,PPD PETALING PERDANA,BBA8255,SK SEKSYEN 1 BANDAR KINRARA,98
SELANGOR,PPD PETALING PERDANA,BBA8256,SK SEKSYEN 13,60
SELANGOR,PPD PETALING PERDANA,BBA8257,SK PUCHONG INDAH,132
SELANGOR,PPD PETALING PERDANA,BBA8258,SK PUSAT BANDAR PUCHONG (1),46
SELANGOR,PPD PETALING PERDANA,BBA8261,SK ALAM MEGAH (3),81
SELANGOR,PPD PETALING PERDANA,BBA8262,SK SEKSYEN 2 BANDAR KINRARA,56
SELANGOR,PPD PETALING PERDANA,BBA8264,SK BUKIT JELUTONG,128
SELANGOR,PPD PETALING PERDANA,BBA8266,SK DATO' ONN JAAFAR,41
SELANGOR,PPD PETALING PERDANA,BBA8267,SK SEKSYEN 27(1),55
SELANGOR,PPD PETALING PERDANA,BBA8268,SK SUBANG BESTARI,155
SELANGOR,PPD PETALING PERDANA,BBA8269,SK PUSAT BANDAR PUCHONG 2,59
SELANGOR,PPD PETALING PERDANA,BBA8272,SK SEKSYEN 7,88
SELANGOR,PPD PETALING PERDANA,BBA8273,SK SEKSYEN 27 (2),55
SELANGOR,PPD PETALING PERDANA,BBA8274,SK PUCHONG JAYA 2,42
SELANGOR,PPD PETALING PERDANA,BBA8275,SK TAMAN BUKIT SUBANG,106
SELANGOR,PPD PETALING PERDANA,BBA8279,SK PUCHONG UTAMA 3,67
SELANGOR,PPD PETALING PERDANA,BBA8280,SK TAMAN SUNGAI BESI INDAH,71
SELANGOR,PPD PETALING PERDANA,BBA8281,SK KAMPUNG LINDUNGAN,57
SELANGOR,PPD PETALING PERDANA,BBA8282,SK JALAN U3,127
SELANGOR,PPD PETALING PERDANA,BBA8283,SK SETIA ALAM,73
SELANGOR,PPD PETALING PERDANA,BBA8284,SK TAMAN DESAMINIUM,100
SELANGOR,PPD PETALING PERDANA,BBA8286,SEKOLAH KEBANGSAAN SAUJANA PUCHONG,48
SELANGOR,PPD PETALING PERDANA,BBA8287,SEKOLAH KEBANGSAAN SUBANG BESTARI DUA,51
SELANGOR,PPD PETALING PERDANA,BBB8315,SK SHAH ALAM,44
SELANGOR,PPD PETALING PERDANA,BBC8403,SJK(C) KUNG MAN,63
SELANGOR,PPD PETALING PERDANA,BBC8404,SJK(C) HAN MING,144
SELANGOR,PPD PETALING PERDANA,BBC8405,SJK(C) SERDANG BARU (1),120
SELANGOR,PPD PETALING PERDANA,BBC8406,SJK(C) SERDANG BARU (2),129
SELANGOR,PPD PETALING PERDANA,BBC8407,SJK(C) SUBANG,87
SELANGOR,PPD PETALING PERDANA,BBC8410,SJK(C) YAK CHEE,145
SELANGOR,PPD PETALING PERDANA,BBC8414,SJK(C) LICK HUNG,111
SELANGOR,PPD PETALING PERDANA,BBC8416,SJK(C) TUN TAN CHENG LOCK,45
SELANGOR,PPD PETALING PERDANA,BBC8417,SJK(C) CHEE WEN,116
SELANGOR,PPD PETALING PERDANA,BBC8419,SJK(C) LADANG HARCROFT,90
SELANGOR,PPD PETALING PERDANA,BBC8421,SJK(C) TUN TAN SIEW SIN,28
SELANGOR,PPD PETALING PERDANA,BBC8422,SEKOLAH JENIS KEBANGSAAN CINA KHENG CHEE,13
SELANGOR,PPD PETALING PERDANA,BBD8451,SJK(T) CASTLEFIELD,29
SELANGOR,PPD PETALING PERDANA,BBD8453,SJK(T) F E S SERDANG,35
SELANGOR,PPD PETALING PERDANA,BBD8454,SJK(T) PUCHONG,61
SELANGOR,PPD PETALING PERDANA,BBD8455,SJK(T) LDG KINRARA,39
SELANGOR,PPD PETALING PERDANA,BBD8459,SJK(T) HICOM,17
SELANGOR,PPD PETALING PERDANA,BBD8461,SJK(T) LADANG EBOR,12
SELANGOR,PPD PETALING PERDANA,BBD8462,SJK(T) LDG GLENMARIE,12
SELANGOR,PPD PETALING PERDANA,BBD8463,SJK(T) LADANG MIDLANDS,15
SELANGOR,PPD PETALING PERDANA,BBD8466,SJK(T) LDG RASAK,14
SELANGOR,PPD PETALING PERDANA,BBD8468,SJK(T) SG  RENGGAM,58
SELANGOR,PPD PETALING PERDANA,BBD8469,SJK(T) LDG SEAFIELD,11
SELANGOR,PPD PETALING PERDANA,BBD8470,SJK(T) TUN SAMBANTHAN,38
SELANGOR,PPD PETALING PERDANA,BEA8601,SMK PUCHONG,113
SELANGOR,PPD PETALING PERDANA,BEA8603,SMK SULTAN SALAHUDDIN ABDUL AZIZ SHAH,89
SELANGOR,PPD PETALING PERDANA,BEA8604,SMK SUBANG JAYA,71
SELANGOR,PPD PETALING PERDANA,BEA8606,SMK SERI SERDANG,170
SELANGOR,PPD PETALING PERDANA,BEA8609,SMK BATU 8,92
SELANGOR,PPD PETALING PERDANA,BEA8610,SMK SEKSYEN 16,99
SELANGOR,PPD PETALING PERDANA,BEA8612,SM PENDIDIKAN KHAS SHAH ALAM,86
SELANGOR,PPD PETALING PERDANA,BEA8614,SMK SUBANG UTAMA,59
SELANGOR,PPD PETALING PERDANA,BEA8616,SMK SEKSYEN SEBELAS,46
SELANGOR,PPD PETALING PERDANA,BEA8617,SMK SEKSYEN 18,103
SELANGOR,PPD PETALING PERDANA,BEA8618,SMK SEAFIELD,133
SELANGOR,PPD PETALING PERDANA,BEA8619,SMK SEKSYEN 24,103
SELANGOR,PPD PETALING PERDANA,BEA8621,SMK SEKSYEN 19,144
SELANGOR,PPD PETALING PERDANA,BEA8622,SMK ALAM MEGAH,100
SELANGOR,PPD PETALING PERDANA,BEA8623,SMK TAMAN SRI MUDA,109
SELANGOR,PPD PETALING PERDANA,BEA8625,SMK SS 17,58
SELANGOR,PPD PETALING PERDANA,BEA8626,SMK BANDAR SUNWAY,84
SELANGOR,PPD PETALING PERDANA,BEA8627,SMK SERI INDAH,107
SELANGOR,PPD PETALING PERDANA,BEA8628,SMK PUCHONG PERDANA,149
SELANGOR,PPD PETALING PERDANA,BEA8629,SMK SEKSYEN 9,115
SELANGOR,PPD PETALING PERDANA,BEA8630,SMK SUBANG,159
SELANGOR,PPD PETALING PERDANA,BEA8632,SMK USJ 4,98
SELANGOR,PPD PETALING PERDANA,BEA8633,SMK USJ 13,98
SELANGOR,PPD PETALING PERDANA,BEA8634,SMK USJ 8,86
SELANGOR,PPD PETALING PERDANA,BEA8635,SMK USJ 12,109
SELANGOR,PPD PETALING PERDANA,BEA8636,SMK PUCHONG UTAMA (1),160
SELANGOR,PPD PETALING PERDANA,BEA8637,SMK TTDI JAYA,140
SELANGOR,PPD PETALING PERDANA,BEA8639,SMK SEKSYEN 1 BANDAR KINRARA,65
SELANGOR,PPD PETALING PERDANA,BEA8642,SMK USJ 23,71
SELANGOR,PPD PETALING PERDANA,BEA8645,SMK SEKSYEN 3 BANDAR KINRARA,104
SELANGOR,PPD PETALING PERDANA,BEA8647,SMK SEKSYEN 4 BANDAR KINRARA,98
SELANGOR,PPD PETALING PERDANA,BEA8648,SMK SEKSYEN 7,132
SELANGOR,PPD PETALING PERDANA,BEA8649,SMK PUSAT BANDAR PUCHONG 1,159
SELANGOR,PPD PETALING PERDANA,BEA8650,SMK BUKIT JELUTONG,107
SELANGOR,PPD PETALING PERDANA,BEA8653,SMK ALAM MEGAH 2,80
SELANGOR,PPD PETALING PERDANA,BEA8654,SMK SEKSYEN 24 (2),67
SELANGOR,PPD PETALING PERDANA,BEA8656,SMK BANDAR PUCHONG JAYA (A),66
SELANGOR,PPD PETALING PERDANA,BEA8657,SMK BANDAR PUCHONG JAYA (B),73
SELANGOR,PPD PETALING PERDANA,BEA8660,SMK SEKSYEN 27,60
SELANGOR,PPD PETALING PERDANA,BEA8662,SMK SUBANG BESTARI,146
SELANGOR,PPD PETALING PERDANA,BEA8663,SMK PUCHONG PERMAI,103
SELANGOR,PPD PETALING PERDANA,BEA8664,SMK TAMAN DESAMINIUM,67
SELANGOR,PPD PETALING PERDANA,BEA8665,SMK SETIA ALAM,76
SELANGOR,PPD PETALING PERDANA,BEA8668,SEKOLAH MENENGAH KEBANGSAAN SHAH ALAM,21
SELANGOR,PPD PETALING PERDANA,BEB8659,SMK SERI KEMBANGAN,168
SELANGOR,PPD PETALING PERDANA,BFT8002,SAM BESTARI,60
SELANGOR,PPD PETALING PERDANA,BFT8003,SAMT TENGKU AMPUAN JEMAAH,51
SELANGOR,PPD PETALING PERDANA,BHA8004,KOLEJ VOKASIONAL SHAH ALAM,92
SELANGOR,PPD PETALING UTAMA,BBA8101,SK TAMAN DATO HARUN (2),55
SELANGOR,PPD PETALING UTAMA,BBA8102,SK KELANA JAYA (2),24
SELANGOR,PPD PETALING UTAMA,BBA8103,SK DAMANSARA JAYA (2),20
SELANGOR,PPD PETALING UTAMA,BBA8106,SK TAMAN MEGAH,53
SELANGOR,PPD PETALING UTAMA,BBA8201,SK PETALING JAYA,43
SELANGOR,PPD PETALING UTAMA,BBA8206,SK BUKIT LANJAN,23
SELANGOR,PPD PETALING UTAMA,BBA8208,SK DAMANSARA UTAMA,43
SELANGOR,PPD PETALING UTAMA,BBA8209,SK SRI DAMAI,30
SELANGOR,PPD PETALING UTAMA,BBA8210,SK TAMAN DATO' HARUN (SATU),54
SELANGOR,PPD PETALING UTAMA,BBA8211,SK KELANA JAYA (1),37
SELANGOR,PPD PETALING UTAMA,BBA8214,SK TAMAN SEA,24
SELANGOR,PPD PETALING UTAMA,BBA8215,SK DAMANSARA JAYA (1),30
SELANGOR,PPD PETALING UTAMA,BBA8220,SK TAMAN MEDAN,122
SELANGOR,PPD PETALING UTAMA,BBA8221,SK SRI KELANA,66
SELANGOR,PPD PETALING UTAMA,BBA8236,SEKOLAH KEBANGSAAN SEKSYEN 7 KOTA DAMANSARA,68
SELANGOR,PPD PETALING UTAMA,BBA8241,SK BANDAR BARU SRI DAMANSARA,36
SELANGOR,PPD PETALING UTAMA,BBA8244,SK BANDAR UTAMA DAMANSARA,22
SELANGOR,PPD PETALING UTAMA,BBA8248,SK BANDAR UTAMA DAMANSARA 2,42
SELANGOR,PPD PETALING UTAMA,BBA8250,SK SEKSYEN 6 KOTA DAMANSARA,83
SELANGOR,PPD PETALING UTAMA,BBA8253,SK BANDAR BARU SRI DAMANSARA 2,44
SELANGOR,PPD PETALING UTAMA,BBA8259,SK BANDAR SRI DAMANSARA 3,34
SELANGOR,PPD PETALING UTAMA,BBA8260,SK BANDAR UTAMA DAMANSARA (4),55
SELANGOR,PPD PETALING UTAMA,BBA8263,SK TROPICANA,32
SELANGOR,PPD PETALING UTAMA,BBA8265,SK BANDAR SRI DAMANSARA 1,66
SELANGOR,PPD PETALING UTAMA,BBA8270,SK SEKSYEN 9 KOTA DAMANSARA,55
SELANGOR,PPD PETALING UTAMA,BBA8271,SK DAMANSARA DAMAI 1,104
SELANGOR,PPD PETALING UTAMA,BBA8276,SK PPR LEMBAH SUBANG,54
SELANGOR,PPD PETALING UTAMA,BBA8277,SK SEKSYEN 11 KOTA  DAMANSARA,73
SELANGOR,PPD PETALING UTAMA,BBA8285,SK DAMANSARA DAMAI 2,58
SELANGOR,PPD PETALING UTAMA,BBB8301,SK ASSUNTA  SATU,50
SELANGOR,PPD PETALING UTAMA,BBB8302,SK ASSUNTA (2) (M),48
SELANGOR,PPD PETALING UTAMA,BBB8303,SK (L) BUKIT BINTANG (1),15
SELANGOR,PPD PETALING UTAMA,BBB8304,SK (L) BUKIT BINTANG (2),19
SELANGOR,PPD PETALING UTAMA,BBB8305,SK KAMPUNG TUNKU,87
SELANGOR,PPD PETALING UTAMA,BBB8306,"SK LA SALLE, PJ",41
SELANGOR,PPD PETALING UTAMA,BBB8307,"SK METHODIST,PJ",32
SELANGOR,PPD PETALING UTAMA,BBB8308,SK (1) PETALING JAYA,30
SELANGOR,PPD PETALING UTAMA,BBB8309,SK (2) PETALING JAYA,20
SELANGOR,PPD PETALING UTAMA,BBB8310,SK JALAN SELANGOR (SATU),17
SELANGOR,PPD PETALING UTAMA,BBB8311,SK (2) JALAN SELANGOR,17
SELANGOR,PPD PETALING UTAMA,BBB8312,SK SATU SULTAN ALAM SHAH,40
SELANGOR,PPD PETALING UTAMA,BBB8313,SK (2) SULTAN ALAM SHAH,30
SELANGOR,PPD PETALING UTAMA,BBB8314,SK SRI PETALING,64
SELANGOR,PPD PETALING UTAMA,BBB8316,SK SUNGEI WAY,35
SELANGOR,PPD PETALING UTAMA,BBC8401,SJK(C) CHEN MOH,73
SELANGOR,PPD PETALING UTAMA,BBC8402,SJK(C) DAMANSARA,103
SELANGOR,PPD PETALING UTAMA,BBC8408,SJK(C) SUNGAI WAY,61
SELANGOR,PPD PETALING UTAMA,BBC8409,SJK(C) SUNGAI BULOH,75
SELANGOR,PPD PETALING UTAMA,BBC8411,SJK(C) YUK CHAI,155
SELANGOR,PPD PETALING UTAMA,BBC8412,SJK(C) YUK CHYUN,52
SELANGOR,PPD PETALING UTAMA,BBC8413,SJK(C) PUAY CHAI,88
SELANGOR,PPD PETALING UTAMA,BBC8415,SJK(C) PUAY CHAI 2,97
SELANGOR,PPD PETALING UTAMA,BBC8418,SJK(C) DESA JAYA 2,89
SELANGOR,PPD PETALING UTAMA,BBC8420,SJK(C) CHUNG HWA DAMANSARA,24
SELANGOR,PPD PETALING UTAMA,BBD8452,SJK(T) LDG EFFINGHAM,31
SELANGOR,PPD PETALING UTAMA,BBD8456,SJK(T) RRI SUNGAI BULOH,26
SELANGOR,PPD PETALING UTAMA,BBD8458,SJK(T) VIVEKANANDA,61
SELANGOR,PPD PETALING UTAMA,BBD8467,SJK(T) SEAPORT,17
SELANGOR,PPD PETALING UTAMA,BEA8602,SMK SRI PERMATA,81
SELANGOR,PPD PETALING UTAMA,BEA8607,SMK TAMAN DATO'  HARUN,114
SELANGOR,PPD PETALING UTAMA,BEA8608,SMK DAMANSARA JAYA,93
SELANGOR,PPD PETALING UTAMA,BEA8611,SMK DAMANSARA UTAMA,58
SELANGOR,PPD PETALING UTAMA,BEA8613,SMK TAMAN MEDAN,95
SELANGOR,PPD PETALING UTAMA,BEA8615,SMK KELANA JAYA,57
SELANGOR,PPD PETALING UTAMA,BEA8624,SMK SRI UTAMA,44
SELANGOR,PPD PETALING UTAMA,BEA8631,SMK BANDAR UTAMA,55
SELANGOR,PPD PETALING UTAMA,BEA8638,SMK SEKSYEN 10 KOTA DAMANSARA,124
SELANGOR,PPD PETALING UTAMA,BEA8640,SMK TROPICANA,43
SELANGOR,PPD PETALING UTAMA,BEA8641,SMK BANDAR SRI DAMANSARA 2,76
SELANGOR,PPD PETALING UTAMA,BEA8643,SMK BANDAR UTAMA DAMANSARA 3,78
SELANGOR,PPD PETALING UTAMA,BEA8644,SMK BANDAR UTAMA DAMANSARA (4),61
SELANGOR,PPD PETALING UTAMA,BEA8652,SMK DAMANSARA DAMAI 1,107
SELANGOR,PPD PETALING UTAMA,BEA8655,SMK SEKSYEN 4 KOTA DAMANSARA,101
SELANGOR,PPD PETALING UTAMA,BEA8658,SMK BANDAR UTAMA DAMANSARA (2),49
SELANGOR,PPD PETALING UTAMA,BEA8659,SMK BANDAR SRI DAMANSARA 1,96
SELANGOR,PPD PETALING UTAMA,BEA8661,SMK LEMBAH SUBANG,45
SELANGOR,PPD PETALING UTAMA,BEA8666,"SMK SEKSYEN 8, KOTA DAMANSARA",53
SELANGOR,PPD PETALING UTAMA,BEA8669,SEKOLAH MENENGAH KEBANGSAAN PETALING JAYA,52
SELANGOR,PPD PETALING UTAMA,BEB8651,SMK ASSUNTA,99
SELANGOR,PPD PETALING UTAMA,BEB8652,SMK (L) BUKIT BINTANG,53
SELANGOR,PPD PETALING UTAMA,BEB8653,SMK KATHOLIK (M),159
SELANGOR,PPD PETALING UTAMA,BEB8654,"SMK LA SALLE,PJ",96
SELANGOR,PPD PETALING UTAMA,BEB8655,SMK (P) SRI AMAN,72
SELANGOR,PPD PETALING UTAMA,BEB8656,SMK TAMAN SEA,108
SELANGOR,PPD PETALING UTAMA,BEB8657,SMK SULTAN ABDUL SAMAD,80
SELANGOR,PPD PETALING UTAMA,BEB8658,SMK (P) TMN PETALING,68
SELANGOR,PPD SABAK BERNAM,BBA6001,SK SERI MAKMUR,98
SELANGOR,PPD SABAK BERNAM,BBA6002,SK SG HJ DORANI,34
SELANGOR,PPD SABAK BERNAM,BBA6003,SK SIMPANG LIMA,41
SELANGOR,PPD SABAK BERNAM,BBA6004,SK PANCHANG PEDENA,22
SELANGOR,PPD SABAK BERNAM,BBA6005,SK SG LIMAU,33
SELANGOR,PPD SABAK BERNAM,BBA6006,SK PARIT 4,20
SELANGOR,PPD SABAK BERNAM,BBA6007,SK PARIT 6,34
SELANGOR,PPD SABAK BERNAM,BBA6008,SK SERI BAHAGIA,33
SELANGOR,PPD SABAK BERNAM,BBA6009,SK TOK KHALIFAH,31
SELANGOR,PPD SABAK BERNAM,BBA6010,SK BAGAN TERAP,31
SELANGOR,PPD SABAK BERNAM,BBA6011,SK PARIT 13,17
SELANGOR,PPD SABAK BERNAM,BBA6012,SK LOBOK PUSING,14
SELANGOR,PPD SABAK BERNAM,BBA6013,SK DOKTOR ABDUL LATIFF,46
SELANGOR,PPD SABAK BERNAM,BBA6014,SK BATU 38,52
SELANGOR,PPD SABAK BERNAM,BBA6015,SK KG BAHARU,15
SELANGOR,PPD SABAK BERNAM,BBA6016,SK TUN DOKTOR ISMAIL,26
SELANGOR,PPD SABAK BERNAM,BBA6017,SK SEKENDI,21
SELANGOR,PPD SABAK BERNAM,BBA6018,SK SIMPANG 4 BNO,20
SELANGOR,PPD SABAK BERNAM,BBA6019,SK PARIT BAHARU,30
SELANGOR,PPD SABAK BERNAM,BBA6020,SK SUNGAI TENGAR,18
SELANGOR,PPD SABAK BERNAM,BBA6021,SK SERI MAWAR,25
SELANGOR,PPD SABAK BERNAM,BBA6022,SK TEBOK JAWA,20
SELANGOR,PPD SABAK BERNAM,BBA6023,SK SAPINTAS,19
SELANGOR,PPD SABAK BERNAM,BBA6024,SK KAMPONG BANTING,24
SELANGOR,PPD SABAK BERNAM,BBA6025,SK TANJONG JAWA,13
SELANGOR,PPD SABAK BERNAM,BBA6026,SK TELUK RU,26
SELANGOR,PPD SABAK BERNAM,BBA6027,SK SERI CEMPAKA,16
SELANGOR,PPD SABAK BERNAM,BBA6028,SK SG LEMAN,46
SELANGOR,PPD SABAK BERNAM,BBA6029,SK PARIT 9,32
SELANGOR,PPD SABAK BERNAM,BBA6030,SK PASIR PANJANG,38
SELANGOR,PPD SABAK BERNAM,BBA6031,SK SUNGAI NIBONG,27
SELANGOR,PPD SABAK BERNAM,BBA6032,SK BINJAI JAYA,45
SELANGOR,PPD SABAK BERNAM,BBB6028,SK KHIR JOHARI,36
SELANGOR,PPD SABAK BERNAM,BBB6029,SK SERI UTAMA,59
SELANGOR,PPD SABAK BERNAM,BBB6030,SK SERI SEKINCHAN,41
SELANGOR,PPD SABAK BERNAM,BBC6030,SJK(C) CHEONG HUA,16
SELANGOR,PPD SABAK BERNAM,BBC6031,SJK(C) HAI PING,12
SELANGOR,PPD SABAK BERNAM,BBC6032,SJK(C) LUM HUA,24
SELANGOR,PPD SABAK BERNAM,BBC6033,SJK(C) MOON TECK,12
SELANGOR,PPD SABAK BERNAM,BBC6034,SJK(C) PHOOI TEE,13
SELANGOR,PPD SABAK BERNAM,BBC6035,SJK(C) POAY CHNEH,13
SELANGOR,PPD SABAK BERNAM,BBC6036,SJK(C) SIN MIN,45
SELANGOR,PPD SABAK BERNAM,BBC6037,SJK(C) PHOOI MIN,10
SELANGOR,PPD SABAK BERNAM,BBC6038,SJK(C) YOKE KUAN,51
SELANGOR,PPD SABAK BERNAM,BBC6039,SJK(C) KIAN SIT,14
SELANGOR,PPD SABAK BERNAM,BBD6039,SJK(T) LADANG SUNGAI BERNAM,7
SELANGOR,PPD SABAK BERNAM,BBD6040,SJK(T) LADANG SABAK BERNAM,13
SELANGOR,PPD SABAK BERNAM,BEA6041,SMK UNGKU AZIZ,104
SELANGOR,PPD SABAK BERNAM,BEA6042,SMK MUNSHI ABDULLAH,83
SELANGOR,PPD SABAK BERNAM,BEA6043,SMK SUNGAI BESAR,159
SELANGOR,PPD SABAK BERNAM,BEA6044,SMK BAGAN TERAP,80
SELANGOR,PPD SABAK BERNAM,BEA6045,SMKA SIMPANG LIMA,63
SELANGOR,PPD SABAK BERNAM,BEA6601,SMK DATO MUSTAFFA,91
SELANGOR,PPD SABAK BERNAM,BEB6044,SMK TUNKU ABDUL RAHMAN PUTRA,94
SELANGOR,PPD SABAK BERNAM,BEB6046,SMK SERI BEDENA,101
SELANGOR,PPD SABAK BERNAM,BEB6047,SMK YOKE KUAN,108
SELANGOR,PPD SABAK BERNAM,BFT6001,SAM PARIT BARU,39
SELANGOR,PPD SABAK BERNAM,BFT6002,SAM BAGAN TERAP,37
SELANGOR,PPD SABAK BERNAM,BFT6003,SAM SUNGAI HAJI DORANI,43
SELANGOR,PPD SABAK BERNAM,BFT6004,SAM PASIR PANJANG,49
SELANGOR,PPD SABAK BERNAM,BFT6005,SAM MUHAMMADIAH,60
SELANGOR,PPD SABAK BERNAM,BFT6006,SAM TENGKU AMPUAN JEMAAH,41
SELANGOR,PPD SABAK BERNAM,BFT6007,SAMT SULTAN SALAHUDDIN ABD AZIZ SHAH,75
SELANGOR,PPD SABAK BERNAM,BRA6001,SBPI SABAK BERNAM,53
SELANGOR,PPD SEPANG,BBA9201,SK SUNGAI RAWANG,48
SELANGOR,PPD SEPANG,BBA9202,SK BKT BANGKONG,17
SELANGOR,PPD SEPANG,BBA9203,SK SG PELEK,30
SELANGOR,PPD SEPANG,BBA9204,SK SALAK,57
SELANGOR,PPD SEPANG,BBA9205,SK KG BAHARU LANJUT,39
SELANGOR,PPD SEPANG,BBA9208,SK JENDERAM,26
SELANGOR,PPD SEPANG,BBA9209,SK JENDERAM HILIR,32
SELANGOR,PPD SEPANG,BBA9210,SK DENGKIL,67
SELANGOR,PPD SEPANG,BBA9211,SK SG MERAB LUAR,51
SELANGOR,PPD SEPANG,BBA9212,SK DESA PUTRA,53
SELANGOR,PPD SEPANG,BBA9213,SK DATO' ABU BAKAR BAGINDA,49
SELANGOR,PPD SEPANG,BBA9214,SK PULAU MERANTI,38
SELANGOR,PPD SEPANG,BBA9215,SK SG MELUT (ASLI),14
SELANGOR,PPD SEPANG,BBA9216,SK BKT TAMPOI (ASLI),20
SELANGOR,PPD SEPANG,BBA9217,SK BANDAR BARU SALAK TINGGI,70
SELANGOR,PPD SEPANG,BBA9220,SK TAMAN SEROJA,68
SELANGOR,PPD SEPANG,BBA9221,SK TAMAN PANTAI SEPANG PUTRA,59
SELANGOR,PPD SEPANG,BBA9224,SK TAMAN PUTRA PERDANA,122
SELANGOR,PPD SEPANG,BBA9225,SK KOTA WARISAN,85
SELANGOR,PPD SEPANG,BBA9226,SK CYBERJAYA,87
SELANGOR,PPD SEPANG,BBA9227,SK KLIA,64
SELANGOR,PPD SEPANG,BBA9228,SK TAMAN PUTRA PERDANA 2,93
SELANGOR,PPD SEPANG,BBA9229,SEKOLAH KEBANGSAAN DESA PINGGIRAN PUTRA,30
SELANGOR,PPD SEPANG,BBB9301,SK METHODIST (INTEG) (M),26
SELANGOR,PPD SEPANG,BBC9401,SJK(C) CHIO CHIAO,16
SELANGOR,PPD SEPANG,BBC9402,SJK(C) DENGKIL,38
SELANGOR,PPD SEPANG,BBC9403,SJK(C) SEPANG,18
SELANGOR,PPD SEPANG,BBC9404,SJK(C) SIN MING,70
SELANGOR,PPD SEPANG,BBC9405,SJK(C) TCHE MIN,26
SELANGOR,PPD SEPANG,BBC9406,SJK(C) WAH LIAN,31
SELANGOR,PPD SEPANG,BBD9452,SJK(T) LADANG AMPAR TENANG,11
SELANGOR,PPD SEPANG,BBD9453,SJK(T) LADANG BUTE,10
SELANGOR,PPD SEPANG,BBD9454,SJK(T) BANDAR BARU SALAK TINGGI,26
SELANGOR,PPD SEPANG,BBD9455,SJK(T) DENGKIL,24
SELANGOR,PPD SEPANG,BBD9457,SJK(T) TAMAN PERMATA,18
SELANGOR,PPD SEPANG,BBD9458,SJK(T) SEPANG,27
SELANGOR,PPD SEPANG,BBD9460,SJK(T) TELUK MERBAU,32
SELANGOR,PPD SEPANG,BBD9461,SJK(T) LDG WEST COUNTRY 'BARAT',12
SELANGOR,PPD SEPANG,BEA9601,SMK SUNGAI RAWANG,49
SELANGOR,PPD SEPANG,BEA9602,SMK SERI SEPANG,117
SELANGOR,PPD SEPANG,BEA9604,SMK BANDAR BARU SALAK TINGGI,151
SELANGOR,PPD SEPANG,BEA9607,SMK SERI PUTERI (SMBP),73
SELANGOR,PPD SEPANG,BEA9609,SMK CYBERJAYA,62
SELANGOR,PPD SEPANG,BEA9610,SMK PANTAI SEPANG PUTRA,55
SELANGOR,PPD SEPANG,BEA9611,SMK PUTRA PERDANA,142
SELANGOR,PPD SEPANG,BEA9612,SMK DATO' ABU BAKAR BAGINDA,100
SELANGOR,PPD SEPANG,BEB9651,SMK SUNGAI PELEK,116
SELANGOR,PPD SEPANG,BEB9701,SMK DENGKIL,110
SELANGOR,PPD SEPANG,BFT9001,SAM SUNGAI MERAB LUAR,39
SELANGOR,PPD SEPANG,BFT9002,SAM BANDAR BARU SALAK TINGGI,57
SELANGOR,PPD SEPANG,BHA9001,SM VOKASIONAL SEPANG,73
