no_number,namaklinik_value,alamat_description,bandar_value,negeri_value,col_link,col_link/_text,col_link/_title,col_image,col_image/_alt
"3","Klinik Desa Sungai Lima","42490 Pulau Ketam","Klang","Selangor","http://www.moh.gov.my/index.php/database_stores/store_view_page/1/3","","View","http://www.moh.gov.my/assets/shared/images/admin/magnifier.png",""
"54","Klinik Desa Asam Jawa","45700 Bukit Rotan","Kuala Selangor","Selangor","http://www.moh.gov.my/index.php/database_stores/store_view_page/1/54","","View","http://www.moh.gov.my/assets/shared/images/admin/magnifier.png",""
"73","Klinik Desa Bagan Pasir","Jalan Bagan Pasir 45500 Tanjung Karang","Kuala Selangor","Selangor","http://www.moh.gov.my/index.php/database_stores/store_view_page/1/73","","View","http://www.moh.gov.my/assets/shared/images/admin/magnifier.png",""
"77","Klinik Desa Bagan Teochew","42490 Pulau Ketam","Klang","Selangor","http://www.moh.gov.my/index.php/database_stores/store_view_page/1/77","","View","http://www.moh.gov.my/assets/shared/images/admin/magnifier.png",""
"84","Klinik Desa Balakong","43300 Balakong","Hulu Langat","Selangor","http://www.moh.gov.my/index.php/database_stores/store_view_page/1/84","","View","http://www.moh.gov.my/assets/shared/images/admin/magnifier.png",""
"98","Klinik Desa Bangi Lama","43000 Kajang","Bangi","Selangor","http://www.moh.gov.my/index.php/database_stores/store_view_page/1/98","","View","http://www.moh.gov.my/assets/shared/images/admin/magnifier.png",""
"105","Klinik Desa Batang Kali","44300 Hulu Selangor","Batang Kali","Selangor","http://www.moh.gov.my/index.php/database_stores/store_view_page/1/105","","View","http://www.moh.gov.my/assets/shared/images/admin/magnifier.png",""
"112","Klinik Desa Batu 13 1/2,","Puchong","Petaling","Selangor","http://www.moh.gov.my/index.php/database_stores/store_view_page/1/112","","View","http://www.moh.gov.my/assets/shared/images/admin/magnifier.png",""
"115","Klinik Desa Batu 18","43100 Hulu Langat","Hulu Langat","Selangor","http://www.moh.gov.my/index.php/database_stores/store_view_page/1/115","","View","http://www.moh.gov.my/assets/shared/images/admin/magnifier.png",""
"127","Klinik Desa Batu 4 Sepintas","Jalan Sekolah","Sabak Bernam","Selangor","http://www.moh.gov.my/index.php/database_stores/store_view_page/1/127","","View","http://www.moh.gov.my/assets/shared/images/admin/magnifier.png",""
"140","Klinik Desa Batu Belah Klang","Jalan Istimewa","Klang","Selangor","http://www.moh.gov.my/index.php/database_stores/store_view_page/1/140","","View","http://www.moh.gov.my/assets/shared/images/admin/magnifier.png",""
"152","Klinik Desa Batu Laut","42800 Kuala Langat","Kuala Langat","Selangor","http://www.moh.gov.my/index.php/database_stores/store_view_page/1/152","","View","http://www.moh.gov.my/assets/shared/images/admin/magnifier.png",""
"209","Klinik Desa Berjuntai Bistari","Kampung Berjuntai Bistari, Bestari Jaya","Kuala Selangor","Selangor","http://www.moh.gov.my/index.php/database_stores/store_view_page/1/209","","View","http://www.moh.gov.my/assets/shared/images/admin/magnifier.png",""
"233","Klinik Desa Broga","43500 Semenyih","Semenyih","Selangor","http://www.moh.gov.my/index.php/database_stores/store_view_page/1/233","","View","http://www.moh.gov.my/assets/shared/images/admin/magnifier.png",""
"242","Klinik Desa Bukit Badong","Jalan Dato' Karjan","Kuala Selangor","Selangor","http://www.moh.gov.my/index.php/database_stores/store_view_page/1/242","","View","http://www.moh.gov.my/assets/shared/images/admin/magnifier.png",""
"244","Klinik Desa Bukit Bangkong","43950 Sungai Pelek","Sepang","Selangor","http://www.moh.gov.my/index.php/database_stores/store_view_page/1/244","","View","http://www.moh.gov.my/assets/shared/images/admin/magnifier.png",""
"246","Klinik Desa Bukit Belimbing","45000 Kuala Selangor","Kuala Selangor","Selangor","http://www.moh.gov.my/index.php/database_stores/store_view_page/1/246","","View","http://www.moh.gov.my/assets/shared/images/admin/magnifier.png",""
"250","Klinik Desa Bukit Cerakah","45800 Jeram","Kuala Selangor","Selangor","http://www.moh.gov.my/index.php/database_stores/store_view_page/1/250","","View","http://www.moh.gov.my/assets/shared/images/admin/magnifier.png",""
"268","Klinik Desa Bukit Kapar","Jalan Iskandar","Meru","Selangor","http://www.moh.gov.my/index.php/database_stores/store_view_page/1/268","","View","http://www.moh.gov.my/assets/shared/images/admin/magnifier.png",""
"273","Klinik Desa Bukit Kerayong","45800 Jeram","Kuala Selangor","Selangor","http://www.moh.gov.my/index.php/database_stores/store_view_page/1/273","","View","http://www.moh.gov.my/assets/shared/images/admin/magnifier.png",""
"276","Klinik Desa Bukit Kuching","45800 Jeram","Kuala Selangor","Selangor","http://www.moh.gov.my/index.php/database_stores/store_view_page/1/276","","View","http://www.moh.gov.my/assets/shared/images/admin/magnifier.png",""
"285","Klinik Desa Bukit Naga","Batu 6, Jalan Klinik","Klang","Selangor","http://www.moh.gov.my/index.php/database_stores/store_view_page/1/285","","View","http://www.moh.gov.my/assets/shared/images/admin/magnifier.png",""
"377","Klinik Desa Dato Abu Bakar Baginda","","Kajang","Selangor","http://www.moh.gov.my/index.php/database_stores/store_view_page/1/377","","View","http://www.moh.gov.my/assets/shared/images/admin/magnifier.png",""
"390","Klinik Desa Dusun Tua","Batu 16, Hulu Langat","Hulu Langat","Selangor","http://www.moh.gov.my/index.php/database_stores/store_view_page/1/390","","View","http://www.moh.gov.my/assets/shared/images/admin/magnifier.png",""
"437","Klinik Desa Geching","Jalan Desa Harapan","Salak Tinggi","Selangor","http://www.moh.gov.my/index.php/database_stores/store_view_page/1/437","","View","http://www.moh.gov.my/assets/shared/images/admin/magnifier.png",""
"438","Klinik Desa Gedangsa","44020 Hulu Selangor","Hulu Selangor","Selangor","http://www.moh.gov.my/index.php/database_stores/store_view_page/1/438","","View","http://www.moh.gov.my/assets/shared/images/admin/magnifier.png",""
"449","Klinik Desa Genting Malek","44300 Hulu Selangor","Hulu Selangor","Selangor","http://www.moh.gov.my/index.php/database_stores/store_view_page/1/449","","View","http://www.moh.gov.my/assets/shared/images/admin/magnifier.png",""
"454","Klinik Desa Gombak Utara (Bt. 8)","Batu 8,53000 Gombak","Gombak","Selangor","http://www.moh.gov.my/index.php/database_stores/store_view_page/1/454","","View","http://www.moh.gov.my/assets/shared/images/admin/magnifier.png",""
"478","Klinik Desa Hulu Kelang","Jalan Datok Abu Samah Kampong Pasir","Ulu Klang","Selangor","http://www.moh.gov.my/index.php/database_stores/store_view_page/1/478","","View","http://www.moh.gov.my/assets/shared/images/admin/magnifier.png",""
"479","Klinik Desa Hulu Rening","44300 Hulu Selangor","Kuala Kubu Baru","Selangor","http://www.moh.gov.my/index.php/database_stores/store_view_page/1/479","","View","http://www.moh.gov.my/assets/shared/images/admin/magnifier.png",""
"489","Klinik Desa Jalan Kebun","Batu 7 Jalan Kebun","Klang","Selangor","http://www.moh.gov.my/index.php/database_stores/store_view_page/1/489","","View","http://www.moh.gov.my/assets/shared/images/admin/magnifier.png",""
"507","Klinik Desa Jenderam","Kg Jenderam Hulu, 43800 Dengkil","Dengkil","Selangor","http://www.moh.gov.my/index.php/database_stores/store_view_page/1/507","","View","http://www.moh.gov.my/assets/shared/images/admin/magnifier.png",""
"557","Klinik Desa Kampong Padang","Batu 10, Hulu Langat","Hulu Langat","Selangor","http://www.moh.gov.my/index.php/database_stores/store_view_page/1/557","","View","http://www.moh.gov.my/assets/shared/images/admin/magnifier.png",""
"577","Klinik Desa Kampung Banting","Jalan Kg. Banting","Sabak Bernam","Selangor","http://www.moh.gov.my/index.php/database_stores/store_view_page/1/577","","View","http://www.moh.gov.my/assets/shared/images/admin/magnifier.png",""
"583","Klinik Desa Kampung Baru","Jalan Kg. Baru","Sabak Bernam","Selangor","http://www.moh.gov.my/index.php/database_stores/store_view_page/1/583","","View","http://www.moh.gov.my/assets/shared/images/admin/magnifier.png",""
"584","Klinik Desa Kampung Batu 38","Jalan Sekendi Batu 38","Sabak Bernam","Selangor","http://www.moh.gov.my/index.php/database_stores/store_view_page/1/584","","View","http://www.moh.gov.my/assets/shared/images/admin/magnifier.png",""
"596","Klinik Desa Kampung Budiman","Jalan Paip, Meru","Klang","Selangor","http://www.moh.gov.my/index.php/database_stores/store_view_page/1/596","","View","http://www.moh.gov.my/assets/shared/images/admin/magnifier.png",""
"609","Klinik Desa Kampung Damansara","Jln.17A/9 Seksyen 17","Petaling Jaya","Selangor","http://www.moh.gov.my/index.php/database_stores/store_view_page/1/609","","View","http://www.moh.gov.my/assets/shared/images/admin/magnifier.png",""
"614","Klinik Desa Kampung Endah","42700 Banting","Kuala Langat","Selangor","http://www.moh.gov.my/index.php/database_stores/store_view_page/1/614","","View","http://www.moh.gov.my/assets/shared/images/admin/magnifier.png",""
"620","Klinik Desa Kampung Gesir Tengah","44020 Hulu Selangor","Hulu Selangor","Selangor","http://www.moh.gov.my/index.php/database_stores/store_view_page/1/620","","View","http://www.moh.gov.my/assets/shared/images/admin/magnifier.png",""
"626","Klinik Desa Kampung Jawa","Batu 2, Jalan Syahbandaraya","Klang","Selangor","http://www.moh.gov.my/index.php/database_stores/store_view_page/1/626","","View","http://www.moh.gov.my/assets/shared/images/admin/magnifier.png",""
"630","Klinik Desa Kampung Jaya Setia","45600 Bestari Jaya","Bestari Jaya","Selangor","http://www.moh.gov.my/index.php/database_stores/store_view_page/1/630","","View","http://www.moh.gov.my/assets/shared/images/admin/magnifier.png",""
"632","Klinik Desa Kampung Jenjarom","42600 Jenjarom","Kuala Langat","Selangor","http://www.moh.gov.my/index.php/database_stores/store_view_page/1/632","","View","http://www.moh.gov.my/assets/shared/images/admin/magnifier.png",""
"646","Klinik Desa Kampung Kenanga","48050 Rawang","Rawang","Selangor","http://www.moh.gov.my/index.php/database_stores/store_view_page/1/646","","View","http://www.moh.gov.my/assets/shared/images/admin/magnifier.png",""
"652","Klinik Desa Kampung Kuantan","45600 Kuala Selangor","Kuala Selangor","Selangor","http://www.moh.gov.my/index.php/database_stores/store_view_page/1/652","","View","http://www.moh.gov.my/assets/shared/images/admin/magnifier.png",""
"666","Klinik Desa Kampung Medan","Kuala Langat","Kuala Langat","Selangor","http://www.moh.gov.my/index.php/database_stores/store_view_page/1/666","","View","http://www.moh.gov.my/assets/shared/images/admin/magnifier.png",""
"667","Klinik Desa Kampung Melayu Subang","Jln Merbau Kg. Melayu, Subang","Shah Alam","Selangor","http://www.moh.gov.my/index.php/database_stores/store_view_page/1/667","","View","http://www.moh.gov.my/assets/shared/images/admin/magnifier.png",""
"672","Klinik Desa Kampung Nenas","Jalan Kopi","Kapar","Selangor","http://www.moh.gov.my/index.php/database_stores/store_view_page/1/672","","View","http://www.moh.gov.my/assets/shared/images/admin/magnifier.png",""
"686","Klinik Desa Kampung Pendamar","JKR 1229A Kampung Pendamar","Klang","Selangor","http://www.moh.gov.my/index.php/database_stores/store_view_page/1/686","","View","http://www.moh.gov.my/assets/shared/images/admin/magnifier.png",""
"716","Klinik Desa Kampung Sekendi","Jalan Batu 36","Sabak Bernam","Selangor","http://www.moh.gov.my/index.php/database_stores/store_view_page/1/716","","View","http://www.moh.gov.my/assets/shared/images/admin/magnifier.png",""
"727","Klinik Desa Kampung Sungai Lang","42700 Banting","Banting","Selangor","http://www.moh.gov.my/index.php/database_stores/store_view_page/1/727","","View","http://www.moh.gov.my/assets/shared/images/admin/magnifier.png",""
"729","Klinik Desa Kampung Sungai Pulai","Jalan Bagan Sg Pulai","Sabak Bernam","Selangor","http://www.moh.gov.my/index.php/database_stores/store_view_page/1/729","","View","http://www.moh.gov.my/assets/shared/images/admin/magnifier.png",""
"731","Klinik Desa Kampung Sungai Tengar","Jalan Besar Sg. Tengar","Sabak Bernam","Selangor","http://www.moh.gov.my/index.php/database_stores/store_view_page/1/731","","View","http://www.moh.gov.my/assets/shared/images/admin/magnifier.png",""
"744","Klinik Desa Kampung Tok Muda","Batu 12 1/2, Kampung Tok Muda","Kapar","Selangor","http://www.moh.gov.my/index.php/database_stores/store_view_page/1/744","","View","http://www.moh.gov.my/assets/shared/images/admin/magnifier.png",""
"749","Klinik Desa Kanchong Tengah","42700 Banting","Banting","Selangor","http://www.moh.gov.my/index.php/database_stores/store_view_page/1/749","","View","http://www.moh.gov.my/assets/shared/images/admin/magnifier.png",""
"771","Klinik Desa Kebun Baru","Kebun Baru, 42700 Banting","Banting","Selangor","http://www.moh.gov.my/index.php/database_stores/store_view_page/1/771","","View","http://www.moh.gov.my/assets/shared/images/admin/magnifier.png",""
"779","Klinik Desa Kelanang","42700 Banting","Banting","Selangor","http://www.moh.gov.my/index.php/database_stores/store_view_page/1/779","","View","http://www.moh.gov.my/assets/shared/images/admin/magnifier.png",""
"803","Klinik Desa Kerling","JKR NO 835","Kerling","Selangor","http://www.moh.gov.my/index.php/database_stores/store_view_page/1/803","","View","http://www.moh.gov.my/assets/shared/images/admin/magnifier.png",""
"815","Klinik Desa Kg Gurney","44300 Hulu Selangor","Hulu Selangor","Selangor","http://www.moh.gov.my/index.php/database_stores/store_view_page/1/815","","View","http://www.moh.gov.my/assets/shared/images/admin/magnifier.png",""
"907","Klinik Desa Kundang","48050 Rawang","Rawang","Selangor","http://www.moh.gov.my/index.php/database_stores/store_view_page/1/907","","View","http://www.moh.gov.my/assets/shared/images/admin/magnifier.png",""
"908","Klinik Desa Kundang","42800 Tanjung Sepat","Tanjung Sepat","Selangor","http://www.moh.gov.my/index.php/database_stores/store_view_page/1/908","","View","http://www.moh.gov.my/assets/shared/images/admin/magnifier.png",""
"914","Klinik Desa Labohan Dagang","42700 Banting","Banting","Selangor","http://www.moh.gov.my/index.php/database_stores/store_view_page/1/914","","View","http://www.moh.gov.my/assets/shared/images/admin/magnifier.png",""
"983","Klinik Desa Lubuk Pusing","Jalan Pt. 13 Kg. Tok Khalifah","Sungai Besar","Selangor","http://www.moh.gov.my/index.php/database_stores/store_view_page/1/983","","View","http://www.moh.gov.my/assets/shared/images/admin/magnifier.png",""
"1038","Klinik Desa Merbau Berdarah III","Jalan Sungai Panjang","Sungai Besar","Selangor","http://www.moh.gov.my/index.php/database_stores/store_view_page/1/1038","","View","http://www.moh.gov.my/assets/shared/images/admin/magnifier.png",""
"1039","Klinik Desa Merbau Sempak","Bt18, Jln Kuala Selangor","Sungai Buloh","Selangor","http://www.moh.gov.my/index.php/database_stores/store_view_page/1/1039","","View","http://www.moh.gov.my/assets/shared/images/admin/magnifier.png",""
"1043","Klinik Desa Minangkabau","43700 Beranang","Beranang","Selangor","http://www.moh.gov.my/index.php/database_stores/store_view_page/1/1043","","View","http://www.moh.gov.my/assets/shared/images/admin/magnifier.png",""
"1047","Klinik Desa Morib","42700 Banting","Banting","Selangor","http://www.moh.gov.my/index.php/database_stores/store_view_page/1/1047","","View","http://www.moh.gov.my/assets/shared/images/admin/magnifier.png",""
"1074","Klinik Desa Olak Lempit","42700 Banting","Banting","Selangor","http://www.moh.gov.my/index.php/database_stores/store_view_page/1/1074","","View","http://www.moh.gov.my/assets/shared/images/admin/magnifier.png",""
"1089","Klinik Desa Padang Jawa","Jalan Padang","Klang","Selangor","http://www.moh.gov.my/index.php/database_stores/store_view_page/1/1089","","View","http://www.moh.gov.my/assets/shared/images/admin/magnifier.png",""
"1156","Klinik Desa Parit 12","Jalan Parit 12 Timur","Sungai Besar","Selangor","http://www.moh.gov.my/index.php/database_stores/store_view_page/1/1156","","View","http://www.moh.gov.my/assets/shared/images/admin/magnifier.png",""
"1157","Klinik Desa Parit 4","Jalan Peket 20, Kampung Sg. Haji Dorani Jalan Pekan Selasa","Sungai Besar","Selangor","http://www.moh.gov.my/index.php/database_stores/store_view_page/1/1157","","View","http://www.moh.gov.my/assets/shared/images/admin/magnifier.png",""
"1158","Klinik Desa Parit 6","Jalan Parit 6 Timur","Sungai Besar","Selangor","http://www.moh.gov.my/index.php/database_stores/store_view_page/1/1158","","View","http://www.moh.gov.my/assets/shared/images/admin/magnifier.png",""
"1159","Klinik Desa Parit 9","Jalan Parit 9 Barat 45300 Sungai Besar","Sungai Besar","Selangor","http://www.moh.gov.my/index.php/database_stores/store_view_page/1/1159","","View","http://www.moh.gov.my/assets/shared/images/admin/magnifier.png",""
"1160","Klinik Desa Parit 9,","Jalan Parit 9, Kg. Sg. Leman","Sekinchan","Selangor","http://www.moh.gov.my/index.php/database_stores/store_view_page/1/1160","","View","http://www.moh.gov.my/assets/shared/images/admin/magnifier.png",""
"1165","Klinik Desa Parit Baru Baroh","Jalan Bagan Parit Baru Baroh","Sabak Bernam","Selangor","http://www.moh.gov.my/index.php/database_stores/store_view_page/1/1165","","View","http://www.moh.gov.my/assets/shared/images/admin/magnifier.png",""
"1171","Klinik Desa Parit Empat Ban 2","45500 Tanjung Karang","Sekinchan","Selangor","http://www.moh.gov.my/index.php/database_stores/store_view_page/1/1171","","View","http://www.moh.gov.my/assets/shared/images/admin/magnifier.png",""
"1212","Klinik Desa Parit Selangor","Jln Pt. Selangor Pekan Nenas, Pontian","Pontian","Johor","http://www.moh.gov.my/index.php/database_stores/store_view_page/1/1212","","View","http://www.moh.gov.my/assets/shared/images/admin/magnifier.png",""
"1235","Klinik Desa Pasir Panjang","Jalan Besar Pekan Pasir Panjang","sekinchan","Selangor","http://www.moh.gov.my/index.php/database_stores/store_view_page/1/1235","","View","http://www.moh.gov.my/assets/shared/images/admin/magnifier.png",""
"1238","Klinik Desa Pasir Penambang","Kuala Selangor","Kuala Selangor","Selangor","http://www.moh.gov.my/index.php/database_stores/store_view_page/1/1238","","View","http://www.moh.gov.my/assets/shared/images/admin/magnifier.png",""
"1259","Klinik Desa Paya Jaras","Bt.15 Sungai Buloh","Sg.Buloh","Selangor","http://www.moh.gov.my/index.php/database_stores/store_view_page/1/1259","","View","http://www.moh.gov.my/assets/shared/images/admin/magnifier.png",""
"1322","Klinik Desa Permatang Pasir","42700 Banting","Banting","Selangor","http://www.moh.gov.my/index.php/database_stores/store_view_page/1/1322","","View","http://www.moh.gov.my/assets/shared/images/admin/magnifier.png",""
"1379","Klinik Desa Pulau Meranti","47100 Puchong","Puchong","Selangor","http://www.moh.gov.my/index.php/database_stores/store_view_page/1/1379","","View","http://www.moh.gov.my/assets/shared/images/admin/magnifier.png",""
"1395","Klinik Desa Punchak Alam","89 Lorong Naluri Sukma 8/14 Bandar Puncak Alam","Kuala Selangor","Selangor","http://www.moh.gov.my/index.php/database_stores/store_view_page/1/1395","","View","http://www.moh.gov.my/assets/shared/images/admin/magnifier.png",""
"1403","Klinik Desa Raja Musa","Bt 8 Jalan Raja Musa 45600 Bestari Jaya","Kuala Selangor","Selangor","http://www.moh.gov.my/index.php/database_stores/store_view_page/1/1403","","View","http://www.moh.gov.my/assets/shared/images/admin/magnifier.png",""
"1409","Klinik Desa Rantau Panjang","Jalan Rantau Panjang","Klang","Selangor","http://www.moh.gov.my/index.php/database_stores/store_view_page/1/1409","","View","http://www.moh.gov.my/assets/shared/images/admin/magnifier.png",""
"1423","Klinik Desa Rinching Hilir","43000 Kajang","Semenyih","Selangor","http://www.moh.gov.my/index.php/database_stores/store_view_page/1/1423","","View","http://www.moh.gov.my/assets/shared/images/admin/magnifier.png",""
"1424","Klinik Desa Rincing Tengah","43700 Beranang","Beranang","Selangor","http://www.moh.gov.my/index.php/database_stores/store_view_page/1/1424","","View","http://www.moh.gov.my/assets/shared/images/admin/magnifier.png",""
"1426","Klinik Desa RKT Sg. Merab Dalam","43000 Kajang","Kajang","Selangor","http://www.moh.gov.my/index.php/database_stores/store_view_page/1/1426","","View","http://www.moh.gov.my/assets/shared/images/admin/magnifier.png",""
"1452","Klinik Desa Sawah Sempadan","45500 Tanjung Karang","Tanjung Karang","Selangor","http://www.moh.gov.my/index.php/database_stores/store_view_page/1/1452","","View","http://www.moh.gov.my/assets/shared/images/admin/magnifier.png",""
"1472","Klinik Desa Selayang Baru","68100 Batu Caves","Batu Caves","Selangor","http://www.moh.gov.my/index.php/database_stores/store_view_page/1/1472","","View","http://www.moh.gov.my/assets/shared/images/admin/magnifier.png",""
"1481","Klinik Desa Sementa","Lot 3315, Batu 6, Jalan Kapar, Sementa","Rantau Panjang","Selangor","http://www.moh.gov.my/index.php/database_stores/store_view_page/1/1481","","View","http://www.moh.gov.my/assets/shared/images/admin/magnifier.png",""
"1492","Klinik Desa Sepang","43900 Sepang","Sepang","Selangor","http://www.moh.gov.my/index.php/database_stores/store_view_page/1/1492","","View","http://www.moh.gov.my/assets/shared/images/admin/magnifier.png",""
"1518","Klinik Desa Sg. Merab Luar","43000 Kajang","Kajang","Selangor","http://www.moh.gov.my/index.php/database_stores/store_view_page/1/1518","","View","http://www.moh.gov.my/assets/shared/images/admin/magnifier.png",""
"1523","Klinik Desa Sijangkang Dalam","42500 Teluk Panglima Garang","Kuala Langat","Selangor","http://www.moh.gov.my/index.php/database_stores/store_view_page/1/1523","","View","http://www.moh.gov.my/assets/shared/images/admin/magnifier.png",""
"1524","Klinik Desa Sijangkang Luar","42500 Teluk Panglima Garang","Kuala Langat","Selangor","http://www.moh.gov.my/index.php/database_stores/store_view_page/1/1524","","View","http://www.moh.gov.my/assets/shared/images/admin/magnifier.png",""
"1528","Klinik Desa Simpang 4","Jalan Bagan Nakhoda Omar","Sabak Bernam","Selangor","http://www.moh.gov.my/index.php/database_stores/store_view_page/1/1528","","View","http://www.moh.gov.my/assets/shared/images/admin/magnifier.png",""
"1529","Klinik Desa Simpang 5","Jalan Besar, 45300 Sungai Besar","Sungai Besar","Selangor","http://www.moh.gov.my/index.php/database_stores/store_view_page/1/1529","","View","http://www.moh.gov.my/assets/shared/images/admin/magnifier.png",""
"1549","Klinik Desa Sri Cheeding","42700 Banting","Banting","Selangor","http://www.moh.gov.my/index.php/database_stores/store_view_page/1/1549","","View","http://www.moh.gov.my/assets/shared/images/admin/magnifier.png",""
"1561","Klinik Desa Sri Tiram Jaya","45500 Tanjung Karang","Kuala Selangor","Selangor","http://www.moh.gov.my/index.php/database_stores/store_view_page/1/1561","","View","http://www.moh.gov.my/assets/shared/images/admin/magnifier.png",""
"1579","Klinik Desa Sungai Bertik","Jalan Sungai Bertik","Klang","Selangor","http://www.moh.gov.my/index.php/database_stores/store_view_page/1/1579","","View","http://www.moh.gov.my/assets/shared/images/admin/magnifier.png",""
"1584","Klinik Desa Sungai Buah","JKR 248, Batu 30, Jalan Kajang Dengkil","Dengkil","Selangor","http://www.moh.gov.my/index.php/database_stores/store_view_page/1/1584","","View","http://www.moh.gov.my/assets/shared/images/admin/magnifier.png",""
"1585","Klinik Desa Sungai Buaya","48000 Hulu Selangor","Rawang","Selangor","http://www.moh.gov.my/index.php/database_stores/store_view_page/1/1585","","View","http://www.moh.gov.my/assets/shared/images/admin/magnifier.png",""
"1586","Klinik Desa Sungai Buaya","42700 Banting","Banting","Selangor","http://www.moh.gov.my/index.php/database_stores/store_view_page/1/1586","","View","http://www.moh.gov.my/assets/shared/images/admin/magnifier.png",""
"1591","Klinik Desa Sungai Burung","45500 Tanjung Karang","Tanjung Karang","Selangor","http://www.moh.gov.my/index.php/database_stores/store_view_page/1/1591","","View","http://www.moh.gov.my/assets/shared/images/admin/magnifier.png",""
"1593","Klinik Desa Sungai Burung","Jalan Pancang Bedena 45300 Sungai Besar","Sungai Besar","Selangor","http://www.moh.gov.my/index.php/database_stores/store_view_page/1/1593","","View","http://www.moh.gov.my/assets/shared/images/admin/magnifier.png",""
"1603","Klinik Desa Sungai Gulang-Gulang","Jalan Sungai Gulang-Gulang","Kuala Selangor","Selangor","http://www.moh.gov.my/index.php/database_stores/store_view_page/1/1603","","View","http://www.moh.gov.my/assets/shared/images/admin/magnifier.png",""
"1615","Klinik Desa Sungai Kelambu","42700 Banting","Banting","Selangor","http://www.moh.gov.my/index.php/database_stores/store_view_page/1/1615","","View","http://www.moh.gov.my/assets/shared/images/admin/magnifier.png",""
"1624","Klinik Desa Sungai Lalang","43500 Semenyih","Semenyih","Selangor","http://www.moh.gov.my/index.php/database_stores/store_view_page/1/1624","","View","http://www.moh.gov.my/assets/shared/images/admin/magnifier.png",""
"1636","Klinik Desa Sungai Lui","Bt 21, Hulu Langat","Kajang","Selangor","http://www.moh.gov.my/index.php/database_stores/store_view_page/1/1636","","View","http://www.moh.gov.my/assets/shared/images/admin/magnifier.png",""
"1644","Klinik Desa Sungai Nibong","Jalan Besar Kg. Sg Nibong","Sungai Besar","Selangor","http://www.moh.gov.my/index.php/database_stores/store_view_page/1/1644","","View","http://www.moh.gov.my/assets/shared/images/admin/magnifier.png",""
"1661","Klinik Desa Sungai Ramal Luar","Jalan Mentri, Sg Ramal Luar, Kajang","Kajang","Selangor","http://www.moh.gov.my/index.php/database_stores/store_view_page/1/1661","","View","http://www.moh.gov.my/assets/shared/images/admin/magnifier.png",""
"1671","Klinik Desa Sungai Sekamat","43000 Kajang","Kajang","Selangor","http://www.moh.gov.my/index.php/database_stores/store_view_page/1/1671","","View","http://www.moh.gov.my/assets/shared/images/admin/magnifier.png",""
"1673","Klinik Desa Sungai Sembilang","45800 Jeram","Kuala Selangor","Selangor","http://www.moh.gov.my/index.php/database_stores/store_view_page/1/1673","","View","http://www.moh.gov.my/assets/shared/images/admin/magnifier.png",""
"1675","Klinik Desa Sungai Serai","48050 Rawang","Rawang","Selangor","http://www.moh.gov.my/index.php/database_stores/store_view_page/1/1675","","View","http://www.moh.gov.my/assets/shared/images/admin/magnifier.png",""
"1676","Klinik Desa Sungai Serdang","Batu 13, Kampung Sungai Serdang","Kapar","Selangor","http://www.moh.gov.my/index.php/database_stores/store_view_page/1/1676","","View","http://www.moh.gov.my/assets/shared/images/admin/magnifier.png",""
"1680","Klinik Desa Sungai Sireh","Kampung Sungai Sireh","Kuala Selangor","Selangor","http://www.moh.gov.my/index.php/database_stores/store_view_page/1/1680","","View","http://www.moh.gov.my/assets/shared/images/admin/magnifier.png",""
"1683","Klinik Desa Sungai Tekali","43100 Hulu Langat","Hulu Langat","Selangor","http://www.moh.gov.my/index.php/database_stores/store_view_page/1/1683","","View","http://www.moh.gov.my/assets/shared/images/admin/magnifier.png",""
"1687","Klinik Desa Sungai Tengi","44010 Hulu Selangor","Kuala Kubu Baru","Selangor","http://www.moh.gov.my/index.php/database_stores/store_view_page/1/1687","","View","http://www.moh.gov.my/assets/shared/images/admin/magnifier.png",""
"1688","Klinik Desa Sungai Tengi Kanan","45500 Tanjung Karang","Tanjung Karang","Selangor","http://www.moh.gov.my/index.php/database_stores/store_view_page/1/1688","","View","http://www.moh.gov.my/assets/shared/images/admin/magnifier.png",""
"1689","Klinik Desa Sungai Tengi Selatan","44010 Hulu Selangor","Tanjung Karang","Selangor","http://www.moh.gov.my/index.php/database_stores/store_view_page/1/1689","","View","http://www.moh.gov.my/assets/shared/images/admin/magnifier.png",""
"1697","Klinik Desa Sungai Udang","Lot 2183, jalan Sungai Udang","Klang","Selangor","http://www.moh.gov.my/index.php/database_stores/store_view_page/1/1697","","View","http://www.moh.gov.my/assets/shared/images/admin/magnifier.png",""
"1735","Klinik Desa Tanjong Selangor","26660 Kg.Tanjung Selangor","Pekan","Pahang","http://www.moh.gov.my/index.php/database_stores/store_view_page/1/1735","","View","http://www.moh.gov.my/assets/shared/images/admin/magnifier.png",""
"1768","Klinik Desa Tebuk Mufrat","Batu 1, Jalan Feri, Jalan Tebuk Mufrat","Sabak Bernam","Selangor","http://www.moh.gov.my/index.php/database_stores/store_view_page/1/1768","","View","http://www.moh.gov.my/assets/shared/images/admin/magnifier.png",""
"1779","Klinik Desa Telok Bunut","42700 Banting","Banting","Selangor","http://www.moh.gov.my/index.php/database_stores/store_view_page/1/1779","","View","http://www.moh.gov.my/assets/shared/images/admin/magnifier.png",""
"1780","Klinik Desa Telok Gong","Jalan Telok Gong","Klang","Selangor","http://www.moh.gov.my/index.php/database_stores/store_view_page/1/1780","","View","http://www.moh.gov.my/assets/shared/images/admin/magnifier.png",""
"1787","Klinik Desa Telok Menegon","Batu 3, Jalan Syahbandaraya","Klang","Selangor","http://www.moh.gov.my/index.php/database_stores/store_view_page/1/1787","","View","http://www.moh.gov.my/assets/shared/images/admin/magnifier.png",""
"1807","Klinik Desa Teluk Rhu","Jalan Besar Kg. Teluk Rhu","Sabak Bernam","Selangor","http://www.moh.gov.my/index.php/database_stores/store_view_page/1/1807","","View","http://www.moh.gov.my/assets/shared/images/admin/magnifier.png",""
"1844","Klinik Desa Tiram Setia","45500 Tanjung Karang","Tanjung Karang","Selangor","http://www.moh.gov.my/index.php/database_stores/store_view_page/1/1844","","View","http://www.moh.gov.my/assets/shared/images/admin/magnifier.png",""
"1878","Klinik Desa Tumbuk Darat","42800 Tanjung Sepat","Tanjung Sepat","Selangor","http://www.moh.gov.my/index.php/database_stores/store_view_page/1/1878","","View","http://www.moh.gov.my/assets/shared/images/admin/magnifier.png",""
"1885","Klinik Desa Ulu Bernam","35900 Hulu Selangor","Hulu Bernam","Selangor","http://www.moh.gov.my/index.php/database_stores/store_view_page/1/1885","","View","http://www.moh.gov.my/assets/shared/images/admin/magnifier.png",""
"1889","Klinik Desa Ulu Cucuh","43950 Sungai Pelek, Sepang","Sungai Pelek","Selangor","http://www.moh.gov.my/index.php/database_stores/store_view_page/1/1889","","View","http://www.moh.gov.my/assets/shared/images/admin/magnifier.png",""
"1906","Klinik Desa Ulu Yam Lama","JKR NO 809","Hulu Selangor","Selangor","http://www.moh.gov.my/index.php/database_stores/store_view_page/1/1906","","View","http://www.moh.gov.my/assets/shared/images/admin/magnifier.png",""
"1927","Klinik Kesihatan Ampang","68000 Ampang","Ampang","Selangor","http://www.moh.gov.my/index.php/database_stores/store_view_page/1/1930","","View","http://www.moh.gov.my/assets/shared/images/admin/magnifier.png",""
"1935","Klinik Kesihatan AU2","Taman Seri Keramat","Ampang","Selangor","http://www.moh.gov.my/index.php/database_stores/store_view_page/1/1938","","View","http://www.moh.gov.my/assets/shared/images/admin/magnifier.png",""
"1949","Klinik Kesihatan Bagan Terap","Jalan Bagan Terap","Sungai Besar","Selangor","http://www.moh.gov.my/index.php/database_stores/store_view_page/1/1952","","View","http://www.moh.gov.my/assets/shared/images/admin/magnifier.png",""
"1966","Klinik Kesihatan Bandar Baru Bangi","Persiaran Pekeliling, Seksyen 3","Bandar Baru Bangi","Selangor","http://www.moh.gov.my/index.php/database_stores/store_view_page/1/1969","","View","http://www.moh.gov.my/assets/shared/images/admin/magnifier.png",""
"1989","Klinik Kesihatan Batu 9 Cheras","43700 Cheras","Cheras","Selangor","http://www.moh.gov.my/index.php/database_stores/store_view_page/1/1992","","View","http://www.moh.gov.my/assets/shared/images/admin/magnifier.png",""
"1991","Klinik Kesihatan Batu Arang","JKR G/1325","Batu Arang","Selangor","http://www.moh.gov.my/index.php/database_stores/store_view_page/1/1994","","View","http://www.moh.gov.my/assets/shared/images/admin/magnifier.png",""
"2013","Klinik Kesihatan Beranang","Jalan Besar","Beranang","Selangor","http://www.moh.gov.my/index.php/database_stores/store_view_page/1/2016","","View","http://www.moh.gov.my/assets/shared/images/admin/magnifier.png",""
"2020","Klinik Kesihatan Bestari Jaya","Lot 1867 Jalan Kampong","Kuala Selangor","Selangor","http://www.moh.gov.my/index.php/database_stores/store_view_page/1/2023","","View","http://www.moh.gov.my/assets/shared/images/admin/magnifier.png",""
"2037","Klinik Kesihatan Bukit Changgang","Kuala Langat","Kuala Langat","Selangor","http://www.moh.gov.my/index.php/database_stores/store_view_page/1/2040","","View","http://www.moh.gov.my/assets/shared/images/admin/magnifier.png",""
"2044","Klinik Kesihatan Bukit Kuda","Jalan Batu Tiga Lama,","Klang","Selangor","http://www.moh.gov.my/index.php/database_stores/store_view_page/1/2047","","View","http://www.moh.gov.my/assets/shared/images/admin/magnifier.png",""
"2053","Klinik Kesihatan Bukit Sentosa","Jalan Seroja, 1A Bukit Sentosa, Hulu Selangor","Hulu Selangor","Selangor","http://www.moh.gov.my/index.php/database_stores/store_view_page/1/2056","","View","http://www.moh.gov.my/assets/shared/images/admin/magnifier.png",""
"2092","Klinik Kesihatan Dengkil","Batu 30 Jalan Kajang/Dengkil","Dengkil","Selangor","http://www.moh.gov.my/index.php/database_stores/store_view_page/1/2095","","View","http://www.moh.gov.my/assets/shared/images/admin/magnifier.png",""
"2121","Klinik Kesihatan Hulu Langat","Batu 14","Hulu Langat","Selangor","http://www.moh.gov.my/index.php/database_stores/store_view_page/1/2124","","View","http://www.moh.gov.my/assets/shared/images/admin/magnifier.png",""
"2140","Klinik Kesihatan Ibu Dan Anak Cheras Baru","Jalan 49 Bukit E","Kuala Lumpur","Selangor","http://www.moh.gov.my/index.php/database_stores/store_view_page/1/2143","","View","http://www.moh.gov.my/assets/shared/images/admin/magnifier.png",""
"2144","Klinik Kesihatan Ibu Dan Anak Gombak Setia","JKR G/922 Jln.Sekolah","Gombak Setia","Selangor","http://www.moh.gov.my/index.php/database_stores/store_view_page/1/2147","","View","http://www.moh.gov.my/assets/shared/images/admin/magnifier.png",""
"2158","Klinik Kesihatan Ibu Dan Anak Kampung Pandan","KKIA Kampung Pandan, Kuala Lumpur","Kuala Lumpur","Selangor","http://www.moh.gov.my/index.php/database_stores/store_view_page/1/2161","","View","http://www.moh.gov.my/assets/shared/images/admin/magnifier.png",""
"2159","Klinik Kesihatan Ibu Dan Anak Kanchong Darat","Kuala Langat","Kuala Langat","Selangor","http://www.moh.gov.my/index.php/database_stores/store_view_page/1/2162","","View","http://www.moh.gov.my/assets/shared/images/admin/magnifier.png",""
"2171","Klinik Kesihatan Ibu Dan Anak Kuala Kubu Baru","Jalan Kolam Air","Kuala Kubu Baru","Selangor","http://www.moh.gov.my/index.php/database_stores/store_view_page/1/2175","","View","http://www.moh.gov.my/assets/shared/images/admin/magnifier.png",""
"2200","Klinik Kesihatan Ibu Dan Anak Sabak Bernam","Jln Raja Chulan","Sabak Bernam","Selangor","http://www.moh.gov.my/index.php/database_stores/store_view_page/1/2204","","View","http://www.moh.gov.my/assets/shared/images/admin/magnifier.png",""
"2228","Klinik Kesihatan Ijok","JKR1087 Jalan Simpang Tiga Ijok, 45600 Bestari Jaya","Ijok","Selangor","http://www.moh.gov.my/index.php/database_stores/store_view_page/1/2232","","View","http://www.moh.gov.my/assets/shared/images/admin/magnifier.png",""
"2254","Klinik Kesihatan Jenjarom","Kuala Langat","Kuala Langat","Selangor","http://www.moh.gov.my/index.php/database_stores/store_view_page/1/2258","","View","http://www.moh.gov.my/assets/shared/images/admin/magnifier.png",""
"2255","Klinik Kesihatan Jeram","Jalan Klang, 45800 Jeram","Kuala Selangor","Selangor","http://www.moh.gov.my/index.php/database_stores/store_view_page/1/2259","","View","http://www.moh.gov.my/assets/shared/images/admin/magnifier.png",""
"2268","Klinik Kesihatan Kajang","Jalan Semenyih,","Kajang","Selangor","http://www.moh.gov.my/index.php/database_stores/store_view_page/1/2272","","View","http://www.moh.gov.my/assets/shared/images/admin/magnifier.png",""
"2271","Klinik Kesihatan Kalumpang","44100 Hulu Selangor","Kalumpang","Selangor","http://www.moh.gov.my/index.php/database_stores/store_view_page/1/2275","","View","http://www.moh.gov.my/assets/shared/images/admin/magnifier.png",""
"2273","Klinik Kesihatan Kampung Bandar","Kuala Langat","Kuala Langat","Selangor","http://www.moh.gov.my/index.php/database_stores/store_view_page/1/2277","","View","http://www.moh.gov.my/assets/shared/images/admin/magnifier.png",""
"2285","Klinik Kesihatan Kapar","Batu 10, Jalan Kapar","Klang","Selangor","http://www.moh.gov.my/index.php/database_stores/store_view_page/1/2289","","View","http://www.moh.gov.my/assets/shared/images/admin/magnifier.png",""
"2294","Klinik Kesihatan Kelana Jaya","Lot.38294, Jln.SS6/3A Kelana Jaya","Petaling Jaya","Selangor","http://www.moh.gov.my/index.php/database_stores/store_view_page/1/2298","","View","http://www.moh.gov.my/assets/shared/images/admin/magnifier.png",""
"2311","Klinik Kesihatan Klang","Jalan Pegawai, Off Tengku Kelana","Klang","Selangor","http://www.moh.gov.my/index.php/database_stores/store_view_page/1/2315","","View","http://www.moh.gov.my/assets/shared/images/admin/magnifier.png",""
"2346","Klinik Kesihatan Kuala Selangor","Jalan Klinik","Kuala Selangor","Selangor","http://www.moh.gov.my/index.php/database_stores/store_view_page/1/2350","","View","http://www.moh.gov.my/assets/shared/images/admin/magnifier.png",""
"2354","Klinik Kesihatan Kuang","48050 Rawang","Rawang","Selangor","http://www.moh.gov.my/index.php/database_stores/store_view_page/1/2358","","View","http://www.moh.gov.my/assets/shared/images/admin/magnifier.png",""
"2445","Klinik Kesihatan Medan Maju Jaya","Jln DJS 2C/5 Taman Dato Harun","Petaling Jaya","Selangor","http://www.moh.gov.my/index.php/database_stores/store_view_page/1/2449","","View","http://www.moh.gov.my/assets/shared/images/admin/magnifier.png",""
"2470","Klinik Kesihatan Meru","Jalan Kenangan","Klang","Selangor","http://www.moh.gov.my/index.php/database_stores/store_view_page/1/2473","","View","http://www.moh.gov.my/assets/shared/images/admin/magnifier.png",""
"2539","Klinik Kesihatan Pandamaran","Persiaran Raja Muda Musa","Klang","Selangor","http://www.moh.gov.my/index.php/database_stores/store_view_page/1/2542","","View","http://www.moh.gov.my/assets/shared/images/admin/magnifier.png",""
"2547","Klinik Kesihatan Parit Baru","Jalan Masjid","Parit Baru","Selangor","http://www.moh.gov.my/index.php/database_stores/store_view_page/1/2550","","View","http://www.moh.gov.my/assets/shared/images/admin/magnifier.png",""
"2566","Klinik Kesihatan Pelabuhan Klang","Jalan Limbungan","Klang","Selangor","http://www.moh.gov.my/index.php/database_stores/store_view_page/1/2569","","View","http://www.moh.gov.my/assets/shared/images/admin/magnifier.png",""
"2596","Klinik Kesihatan Puchong","Batu 14 Puchong","Puchong","Selangor","http://www.moh.gov.my/index.php/database_stores/store_view_page/1/2599","","View","http://www.moh.gov.my/assets/shared/images/admin/magnifier.png",""
"2599","Klinik Kesihatan Pulau Indah","JKR 1353 Jalan Rahmat","Klang","Selangor","http://www.moh.gov.my/index.php/database_stores/store_view_page/1/2602","","View","http://www.moh.gov.my/assets/shared/images/admin/magnifier.png",""
"2600","Klinik Kesihatan Pulau Ketam","Jalan Merdeka","Pelabuhan Klang","Selangor","http://www.moh.gov.my/index.php/database_stores/store_view_page/1/2603","","View","http://www.moh.gov.my/assets/shared/images/admin/magnifier.png",""
"2613","Klinik Kesihatan Rasa","44200 Hulu Selangor","Hulu Selangor","Selangor","http://www.moh.gov.my/index.php/database_stores/store_view_page/1/2613","","View","http://www.moh.gov.my/assets/shared/images/admin/magnifier.png",""
"2615","Klinik Kesihatan Rawang","48056 Rawang","Rawang","Selangor","http://www.moh.gov.my/index.php/database_stores/store_view_page/1/2615","","View","http://www.moh.gov.my/assets/shared/images/admin/magnifier.png",""
"2624","Klinik Kesihatan Salak","Jalan Salak","Sepang","Selangor","http://www.moh.gov.my/index.php/database_stores/store_view_page/1/2624","","View","http://www.moh.gov.my/assets/shared/images/admin/magnifier.png",""
"2642","Klinik Kesihatan Sekinchan","Jalan Pekan, 45400 Sekincan","Sekinchan","Selangor","http://www.moh.gov.my/index.php/database_stores/store_view_page/1/2641","","View","http://www.moh.gov.my/assets/shared/images/admin/magnifier.png",""
"2647","Klinik Kesihatan Selayang Baru","Jln Sg. Tua Mukim Batu, Gombak","Batu Caves","Selangor","http://www.moh.gov.my/index.php/database_stores/store_view_page/1/2646","","View","http://www.moh.gov.my/assets/shared/images/admin/magnifier.png",""
"2652","Klinik Kesihatan Semenyih","43500 Semenyih","Semenyih","Selangor","http://www.moh.gov.my/index.php/database_stores/store_view_page/1/2651","","View","http://www.moh.gov.my/assets/shared/images/admin/magnifier.png",""
"2666","Klinik Kesihatan Serendah","48200 Hulu Selangor","Hulu Selangor","Selangor","http://www.moh.gov.my/index.php/database_stores/store_view_page/1/2665","","View","http://www.moh.gov.my/assets/shared/images/admin/magnifier.png",""
"2667","Klinik Kesihatan Seri Kembangan","Seri Kembangan","Seri Kembangan","Selangor","http://www.moh.gov.my/index.php/database_stores/store_view_page/1/2666","","View","http://www.moh.gov.my/assets/shared/images/admin/magnifier.png",""
"2671","Klinik Kesihatan Shah Alam","No.2 Persiaran Kayangan Seksyen 7","Shah Alam","Selangor","http://www.moh.gov.my/index.php/database_stores/store_view_page/1/2670","","View","http://www.moh.gov.my/assets/shared/images/admin/magnifier.png",""
"2673","Klinik Kesihatan Sijangkang","42500 Kuala Langat","Kuala Langat","Selangor","http://www.moh.gov.my/index.php/database_stores/store_view_page/1/2672","","View","http://www.moh.gov.my/assets/shared/images/admin/magnifier.png",""
"2689","Klinik Kesihatan Soeharto","44101 Hulu Selangor","Hulu Selangor","Selangor","http://www.moh.gov.my/index.php/database_stores/store_view_page/1/2688","","View","http://www.moh.gov.my/assets/shared/images/admin/magnifier.png",""
"2708","Klinik Kesihatan Sungai Air Tawar","Jalan Sekolah","Sabak Bernam","Selangor","http://www.moh.gov.my/index.php/database_stores/store_view_page/1/2707","","View","http://www.moh.gov.my/assets/shared/images/admin/magnifier.png",""
"2712","Klinik Kesihatan Sungai Besar","Jalan Sungai Limau","Sungai Besar","Selangor","http://www.moh.gov.my/index.php/database_stores/store_view_page/1/2711","","View","http://www.moh.gov.my/assets/shared/images/admin/magnifier.png",""
"2714","Klinik Kesihatan Sungai Buloh","47000, Sungai Buloh","Sungai Buloh","Selangor","http://www.moh.gov.my/index.php/database_stores/store_view_page/1/2713","","View","http://www.moh.gov.my/assets/shared/images/admin/magnifier.png",""
"2725","Klinik Kesihatan Sungai Pelek","Jalan Sg Pelek","Sepang","Selangor","http://www.moh.gov.my/index.php/database_stores/store_view_page/1/2724","","View","http://www.moh.gov.my/assets/shared/images/admin/magnifier.png",""
"2729","Klinik Kesihatan Sungai Selisek","44020 Hulu Selangor","Hulu Selangor","Selangor","http://www.moh.gov.my/index.php/database_stores/store_view_page/1/2728","","View","http://www.moh.gov.my/assets/shared/images/admin/magnifier.png",""
"2742","Klinik Kesihatan Taman Ehsan","Jln. E4/16","Kepong","Selangor","http://www.moh.gov.my/index.php/database_stores/store_view_page/1/2741","","View","http://www.moh.gov.my/assets/shared/images/admin/magnifier.png",""
"2743","Klinik Kesihatan Taman Kenangan","53100 Gombak","Gombak","Selangor","http://www.moh.gov.my/index.php/database_stores/store_view_page/1/2742","","View","http://www.moh.gov.my/assets/shared/images/admin/magnifier.png",""
"2760","Klinik Kesihatan Tanjung Karang","Jalan Sungai Kajang","Tanjung Karang","Selangor","http://www.moh.gov.my/index.php/database_stores/store_view_page/1/2759","","View","http://www.moh.gov.my/assets/shared/images/admin/magnifier.png",""
"2766","Klinik Kesihatan Tanjung Sepat","Kuala Langat","Kuala Langat","Selangor","http://www.moh.gov.my/index.php/database_stores/store_view_page/1/2765","","View","http://www.moh.gov.my/assets/shared/images/admin/magnifier.png",""
"2782","Klinik Kesihatan Telok Datok","Kuala Langat","Kuala Langat","Selangor","http://www.moh.gov.my/index.php/database_stores/store_view_page/1/2781","","View","http://www.moh.gov.my/assets/shared/images/admin/magnifier.png",""
"2783","Klinik Kesihatan Telok Panglima Garang","Kuala Langat","Kuala Langat","Selangor","http://www.moh.gov.my/index.php/database_stores/store_view_page/1/2782","","View","http://www.moh.gov.my/assets/shared/images/admin/magnifier.png",""
"2828","Klinik Kesihatan Ulu Yam Bharu","44300 Hulu Yam Bharu","Batang Kali","Selangor","http://www.moh.gov.my/index.php/database_stores/store_view_page/1/2827","","View","http://www.moh.gov.my/assets/shared/images/admin/magnifier.png",""
